UUID,IP,Count,Sources,FirstDate,LastDate
c0313546-75a2-4d73-bd5c-7614be4a3584,167.94.138.173,1,Suricata,2025-11-07T11:45:20Z,2025-11-07T11:45:20Z
6ebc9a5c-5d9c-4453-ba46-09beb56c2406,45.79.149.43,4,Mailoney,2025-11-07T11:45:20Z,2025-11-07T12:00:01Z
459c9d49-f3ba-4047-a4f9-df4d569069cc,52.167.144.65,1,Suricata,2025-11-07T11:45:20Z,2025-11-07T11:45:20Z
7b8d366c-68f6-40c5-a241-529ed76efa1f,49.248.192.204,1,Suricata,2025-11-07T11:45:20Z,2025-11-07T11:45:20Z
0b0af188-4391-4f22-991b-d7eee32fee6a,89.248.163.200,2,Suricata,2025-11-07T12:00:01Z,2025-11-07T12:00:01Z
c52fcf90-0d95-45d8-b6d2-f9c2026a87a2,31.40.204.154,3830,Suricata-Sentrypeer,2025-11-07T11:45:20Z,2025-11-07T12:00:04Z
22a02be7-2a3e-463a-9cfd-f786c86e0f9f,162.142.125.201,12,Redishoneypot,2025-11-07T11:45:25Z,2025-11-07T12:00:04Z
e9bca2fe-75a7-4624-afe7-a62c83cfcb78,167.94.138.203,3,Suricata-Honeytrap,2025-11-07T11:45:20Z,2025-11-07T12:00:04Z
cb705b2a-2640-4807-a0ae-f1e13ba2be98,172.104.10.80,2,Fatt,2025-11-07T11:45:26Z,2025-11-07T12:00:05Z
aa1c4d48-e438-412d-935b-c55187696749,35.233.24.129,3,Suricata-Fatt,2025-11-07T11:45:20Z,2025-11-07T12:00:05Z
d329d094-bae2-4e73-9cfc-fc2de354a50b,177.184.235.185,4,Tanner-Fatt,2025-11-07T11:45:20Z,2025-11-07T12:00:05Z
081eb4ca-dbaa-4d1d-baf0-aabecb94061a,168.80.80.82,6,Ciscoasa,2025-11-07T11:45:26Z,2025-11-07T12:00:05Z
cf760676-b144-422a-8de3-0c4fb236120a,170.64.154.53,12,Adbhoney,2025-11-07T11:45:26Z,2025-11-07T12:00:06Z
d6b00b78-ce48-481d-ac18-860b79a687cd,161.35.24.49,4,Dionaea,2025-11-07T11:45:26Z,2025-11-07T12:00:06Z
9af3d2be-85a8-4f13-b987-36127dfa8996,104.248.243.65,2,Dionaea,2025-11-07T11:45:26Z,2025-11-07T12:00:06Z
6a5cd663-8e87-4b73-88e4-21118291322f,204.76.203.31,20,Dionaea,2025-11-07T11:45:26Z,2025-11-07T12:00:06Z
1e9e8ec9-a34d-4ae2-969d-3cd72785e677,167.94.138.204,2,Dionaea,2025-11-07T11:45:26Z,2025-11-07T12:00:06Z
e2d7a5bb-0d89-43c6-8ad6-e1bdf4e87179,206.168.34.127,12,Conpot,2025-11-07T11:45:27Z,2025-11-07T12:00:06Z
3868c57f-94c9-4024-8bcc-1072edbd77bb,168.80.82.51,6,Ciscoasa,2025-11-07T12:00:05Z,2025-11-07T12:45:05Z
b4a0fae0-ad28-4708-9cda-c6c6f4c49217,162.142.125.127,26,Fatt-CitrixHoneyPot,2025-11-07T12:00:05Z,2025-11-07T12:45:06Z
a670162c-7bee-4f7c-abab-b6aba7ecb125,64.226.86.7,7,Suricata-Conpot,2025-11-07T12:00:01Z,2025-11-07T12:45:06Z
4b0613a4-622d-4aad-82bb-bf45f97118ef,3.83.145.39,7,Suricata-Conpot,2025-11-07T11:45:20Z,2025-11-07T12:45:06Z
5e484832-f697-4ca7-ab05-07445e8ffb4f,168.80.80.164,6,Ciscoasa,2025-11-07T12:00:05Z,2025-11-07T12:45:05Z
9e689903-50b6-419f-bca1-8ebe5a126065,65.60.34.138,4,Sentrypeer,2025-11-07T11:45:25Z,2025-11-07T12:45:04Z
f5c8b67a-4890-483a-93ff-4fa3f33fab73,167.94.138.119,2,Ipphoney,2025-11-07T12:00:04Z,2025-11-07T12:45:04Z
45fe38b3-0904-4a79-b416-4c8b71b22f95,194.165.16.162,6,Honeytrap,2025-11-07T12:00:04Z,2025-11-07T12:45:04Z
efaab418-bafa-40c4-a5a7-bda9040ace09,45.56.103.237,1,Suricata,2025-11-07T13:00:02Z,2025-11-07T13:00:02Z
f224d293-8a47-421f-9138-87c8d8040488,43.198.111.51,5,Suricata,2025-11-07T11:45:20Z,2025-11-07T13:00:02Z
d217b703-4d26-4228-b5e7-a796a71699c3,43.198.105.9,5,Suricata,2025-11-07T11:45:20Z,2025-11-07T13:00:02Z
05b37658-d94a-4c86-a42c-d0e7a60b45ed,43.198.224.147,4,Suricata,2025-11-07T11:45:20Z,2025-11-07T13:00:02Z
68433214-cbf2-461a-bd1b-6d3bc727f3ba,43.198.153.73,8,Suricata,2025-11-07T11:45:20Z,2025-11-07T13:00:02Z
eb89ab4f-f855-4c72-9e8c-0debe59ab815,101.99.37.141,8,Suricata,2025-11-07T11:45:20Z,2025-11-07T13:00:02Z
44e2feae-61e8-4eea-99e9-313bb14d7562,139.162.78.6,2,Suricata,2025-11-07T13:00:02Z,2025-11-07T13:00:02Z
05c66578-aef1-489d-b8fb-75159966faa2,45.33.12.214,5,Suricata-Ipphoney,2025-11-07T12:45:01Z,2025-11-07T13:00:05Z
04a26c2d-b774-4202-9079-bc4d13b4505b,66.228.53.78,2,Ipphoney,2025-11-07T12:45:04Z,2025-11-07T13:00:05Z
8b735493-67e4-412b-ba90-f35641b8ca5d,162.142.125.113,2,Honeytrap,2025-11-07T12:45:04Z,2025-11-07T13:00:05Z
6e95a1cd-9ab7-4265-9bb9-29113b84bf61,13.218.59.95,2,Honeytrap,2025-11-07T12:45:04Z,2025-11-07T13:00:05Z
49178e11-aa55-442f-a8d9-6017f0df65c1,172.208.48.91,2,Honeytrap,2025-11-07T12:45:04Z,2025-11-07T13:00:05Z
3b76b0af-e6ca-4a4b-a2be-0c1a55d7823a,13.218.44.152,4,Tanner-Fatt,2025-11-07T12:45:01Z,2025-11-07T13:00:07Z
cb73d271-e035-414b-b7ca-df49454cada7,3.90.108.111,2,Fatt,2025-11-07T12:45:04Z,2025-11-07T13:00:07Z
be0f252f-cd79-40e2-ae0f-a15a4b529950,91.232.238.112,7,Tanner-Suricata-Fatt,2025-11-07T12:45:01Z,2025-11-07T13:00:07Z
cc00dcd8-fc2a-46af-a3d3-9e21ebebadaf,199.45.155.106,10,Fatt,2025-11-07T12:45:04Z,2025-11-07T13:00:07Z
f04c2d52-daf6-49a2-ba8a-5178262b220b,120.233.128.103,176,Tanner-Fatt,2025-11-07T12:45:01Z,2025-11-07T13:00:07Z
65b1cf4a-1c23-4a6b-9a34-77a51cec61cd,64.62.156.127,4,Tanner-Fatt,2025-11-07T12:45:01Z,2025-11-07T13:00:07Z
5bcb8ac4-6698-4878-b548-31a1b3bfe419,64.62.156.122,8,Tanner-Fatt,2025-11-07T12:45:01Z,2025-11-07T13:00:07Z
6cc0943f-ea41-497b-8f69-5fc9a1185d26,194.165.16.167,2,Dicompot,2025-11-07T12:45:05Z,2025-11-07T13:00:08Z
bb1765ab-9aa2-4c0b-8a37-1e6c033cbd6c,43.198.207.15,5,Suricata,2025-11-07T11:45:20Z,2025-11-07T13:00:02Z
bf3cd760-80de-4554-9c3f-740d69bc559c,18.217.194.148,2,Suricata,2025-11-07T13:45:01Z,2025-11-07T13:45:01Z
146902d4-069a-487f-a863-b3b7802c8425,147.185.132.90,3,Suricata,2025-11-07T13:45:01Z,2025-11-07T13:45:01Z
06ca6e6a-4656-4955-9d92-5d54524ccdce,65.49.20.118,1,Suricata,2025-11-07T13:45:01Z,2025-11-07T13:45:01Z
b6b1573f-7434-4588-99bf-4fece3040261,185.156.73.52,2,Suricata,2025-11-07T13:45:01Z,2025-11-07T13:45:01Z
111ac62c-beff-4c5d-b636-146b75fa32df,185.148.240.112,2,Suricata,2025-11-07T13:45:01Z,2025-11-07T13:45:01Z
6fd1c13c-57bb-495e-8bb9-edaa108f7ecb,198.235.24.124,3,Suricata-Dicompot,2025-11-07T12:45:01Z,2025-11-07T13:00:08Z
aa1e1765-dc3f-4b33-826c-9aa2775d372c,168.80.82.35,6,Ciscoasa,2025-11-07T12:45:05Z,2025-11-07T13:00:08Z
4b858cd3-63f4-49cf-b059-b2ad244aae19,168.80.82.66,6,Ciscoasa,2025-11-07T12:45:05Z,2025-11-07T13:00:08Z
105c7f41-a674-4aee-ba89-3ef6ee7a4e83,54.91.92.82,4,Ciscoasa,2025-11-07T12:45:05Z,2025-11-07T13:00:08Z
a65da405-b30c-45d7-918e-f2a8bcbc6872,168.80.81.6,6,Ciscoasa,2025-11-07T12:45:05Z,2025-11-07T13:00:08Z
cf89b60c-67d2-467d-87fc-e031064143ea,168.80.82.47,6,Ciscoasa,2025-11-07T12:45:05Z,2025-11-07T13:00:08Z
ee10967e-5d48-437d-852f-dde4ed9b4923,3.84.150.121,2,Ciscoasa,2025-11-07T12:45:05Z,2025-11-07T13:00:08Z
aa7ba01e-c0ab-4019-9dc5-c68eeb4ff4f9,44.202.137.75,2,Ciscoasa,2025-11-07T12:45:05Z,2025-11-07T13:00:08Z
6551bb63-483f-4ccd-9c19-83f3dd176401,168.80.80.221,6,Ciscoasa,2025-11-07T12:45:05Z,2025-11-07T13:00:08Z
71a13960-7c36-487f-b28c-5a122560059b,185.243.96.116,13,Suricata-Adbhoney,2025-11-07T12:45:01Z,2025-11-07T13:00:09Z
be1ec86f-0f99-4c58-a2ed-dbee0c465890,98.81.182.10,4,Fatt-CitrixHoneyPot,2025-11-07T12:45:04Z,2025-11-07T13:00:09Z
80c9961e-0fd5-47af-a964-9f5426f7eb35,98.94.19.178,4,Fatt-CitrixHoneyPot,2025-11-07T12:45:04Z,2025-11-07T13:00:09Z
8a36410d-47c9-44fe-ac7f-7520ae4433ff,213.209.157.24,5,Suricata-Fatt-CitrixHoneyPot,2025-11-07T12:45:01Z,2025-11-07T13:00:09Z
a300f88b-c35b-43f3-89d5-07a25c5b2d40,54.163.74.166,4,Fatt-CitrixHoneyPot,2025-11-07T12:45:04Z,2025-11-07T13:00:09Z
5e0d4e31-44b5-473d-aff8-2d9bdbaaf22f,34.52.238.9,2,Dionaea,2025-11-07T12:45:06Z,2025-11-07T13:00:09Z
bf3c4137-3ee2-4333-bf0e-aa9cd10bccbe,54.224.216.139,2,Dionaea,2025-11-07T12:45:06Z,2025-11-07T13:00:09Z
770671c6-4b62-491a-a326-1f2f4b8154a2,118.26.104.93,7,Suricata-Dionaea,2025-11-07T12:00:01Z,2025-11-07T13:00:09Z
8c0b274d-b404-4153-90a4-eccfec521f40,206.168.34.119,2,Conpot,2025-11-07T12:45:06Z,2025-11-07T13:00:09Z
dbcdc7f1-c1b3-4774-a083-520db171c5f8,199.45.154.138,6,Conpot,2025-11-07T12:45:06Z,2025-11-07T13:00:09Z
4192dbc3-83b1-4936-bf63-cdf836c39f12,162.142.125.219,6,Conpot,2025-11-07T12:45:06Z,2025-11-07T13:00:09Z
b45523b0-4e51-444d-98f8-2ce161094e35,168.80.83.110,6,Ciscoasa,2025-11-07T13:00:08Z,2025-11-07T13:45:06Z
055e29af-410b-4fc0-a9bd-7c58d61fac1f,199.45.154.142,2,Dionaea,2025-11-07T13:00:09Z,2025-11-07T13:45:07Z
b2e8a682-35b4-4c7c-99b2-daaf32a6fc0f,165.154.100.58,12,Conpot,2025-11-07T13:00:09Z,2025-11-07T13:45:07Z
6dc594b3-40ec-40f8-9f7d-d9d650310853,168.80.83.71,6,Ciscoasa,2025-11-07T13:00:08Z,2025-11-07T13:45:06Z
ebfec8ca-2f6c-4246-a730-1a15a6b5efc7,159.223.187.33,2,Honeytrap,2025-11-07T13:00:05Z,2025-11-07T13:45:04Z
55b43e25-396a-4cf5-bac7-94c752f119e1,166.144.22.19,1,Suricata,2025-11-07T14:00:03Z,2025-11-07T14:00:03Z
42388c9c-5e96-4372-819f-254e61d42256,66.228.47.95,4,Mailoney,2025-11-07T13:45:01Z,2025-11-07T14:00:02Z
e5135e08-024d-49a3-8356-45e439aab1e0,96.44.158.206,5,Cowrie-Suricata-Fatt,2025-11-07T13:00:02Z,2025-11-07T13:45:05Z
d874d954-6b19-49cf-9fd7-3e12b560ac4e,118.122.147.49,82,Cowrie-Suricata-Fatt,2025-11-07T12:45:01Z,2025-11-07T13:45:05Z
ec071850-53c5-4118-9d5f-86fe458bdda8,64.226.90.213,1,Suricata,2025-11-07T14:00:03Z,2025-11-07T14:00:03Z
28e54002-97f2-4b3c-bf5c-64a5ae5268a6,122.114.12.133,2,Suricata,2025-11-07T14:00:03Z,2025-11-07T14:00:03Z
abcee136-a7b1-4369-836c-ba0fe2cf6076,91.196.152.187,2,Suricata,2025-11-07T14:00:03Z,2025-11-07T14:00:03Z
29db89f2-94d1-4fe4-9025-274710a8492f,91.196.152.184,2,Suricata,2025-11-07T14:00:03Z,2025-11-07T14:00:03Z
609d8992-ef28-4a1d-bfa9-a25ffca0e63f,91.196.152.217,2,Suricata,2025-11-07T14:00:03Z,2025-11-07T14:00:03Z
b1f16aa8-812c-42a2-acd4-ece49674fba6,167.94.138.148,1,Suricata,2025-11-07T14:00:03Z,2025-11-07T14:00:03Z
2838efde-8f1d-4295-8566-e1806cede241,91.196.152.188,2,Suricata,2025-11-07T14:00:03Z,2025-11-07T14:00:03Z
c9c8ac23-1128-4d42-9b76-5d1a0e47651b,135.125.134.128,2,Honeytrap,2025-11-07T13:45:04Z,2025-11-07T14:00:19Z
8c999aaf-eaa3-4f1b-b073-f88be3786b98,196.251.115.85,2,Honeytrap,2025-11-07T13:45:04Z,2025-11-07T14:00:19Z
0f0144f7-9760-4189-9d5f-bca9a114a88f,20.64.106.71,2,Honeytrap,2025-11-07T13:45:04Z,2025-11-07T14:00:19Z
25af4659-4998-4d7e-a056-934c10a12453,207.90.244.24,10,Honeytrap,2025-11-07T13:45:04Z,2025-11-07T14:00:19Z
4e71a067-9c96-4b31-ac0c-3a3780720aa1,64.226.104.126,4,Fatt,2025-11-07T13:45:05Z,2025-11-07T14:00:23Z
56b9daad-d16b-4757-aa9b-7b4a8a46702d,43.130.3.120,4,Tanner-Fatt,2025-11-07T13:45:01Z,2025-11-07T14:00:23Z
5f069744-05a8-4477-8d6b-a237a9a706a8,130.226.254.28,2,Honeytrap,2025-11-07T13:45:04Z,2025-11-07T14:00:19Z
2d375c27-7b84-45b6-9467-f017f309e5f9,205.210.31.149,3,Suricata-Honeytrap,2025-11-07T13:45:01Z,2025-11-07T14:00:19Z
211e2ef2-4020-441b-97be-daff58e136dc,20.221.68.159,2,Honeytrap,2025-11-07T13:45:04Z,2025-11-07T14:00:19Z
f011cf87-626e-406f-b67b-81da2ca9b7fd,23.92.17.128,5,Suricata-Fatt,2025-11-07T12:45:01Z,2025-11-07T14:00:23Z
143c952d-cfe3-4adc-800b-4cebcd56b0ed,93.174.95.106,20,Tanner-Fatt,2025-11-07T13:45:01Z,2025-11-07T14:00:23Z
3260529c-8513-4e3b-9c74-75439521e370,66.175.208.215,2,Fatt,2025-11-07T13:45:05Z,2025-11-07T14:00:23Z
35eab32b-1c6e-4b50-a556-0ac73be2219e,103.109.23.92,36,Cowrie-Suricata-Fatt,2025-11-07T13:45:01Z,2025-11-07T14:00:23Z
46ba5601-976d-42d0-9b04-3147b2ea419c,104.26.13.205,4,Fatt,2025-11-07T12:45:04Z,2025-11-07T14:00:23Z
c17c1691-ecaf-4e02-84e9-2b2cd28caca1,167.94.138.51,20,Fatt,2025-11-07T13:45:05Z,2025-11-07T14:00:23Z
c6ab6a66-cdb6-435c-ba3f-f1ff6c9d2b47,20.169.85.114,4,Fatt-CitrixHoneyPot,2025-11-07T13:45:05Z,2025-11-07T14:00:34Z
c6c7fc70-63af-4538-8d79-ad59b49e5c52,43.251.17.236,5,Suricata-Fatt-CitrixHoneyPot,2025-11-07T13:45:01Z,2025-11-07T14:00:34Z
346f33bb-06f6-4c87-94c0-8c321a3bcbc5,194.165.16.161,5,Suricata-Dionaea,2025-11-07T13:00:02Z,2025-11-07T14:00:35Z
e266293e-8301-4c5d-aee9-2826b5101170,168.80.80.250,6,Ciscoasa,2025-11-07T13:45:06Z,2025-11-07T14:00:28Z
ce04a31c-3139-4257-a55f-7b04238f7577,45.156.129.52,6,Suricata-Ciscoasa,2025-11-07T13:45:01Z,2025-11-07T14:00:28Z
a056eea8-73a1-4541-a428-a471634b59a5,168.80.82.40,6,Ciscoasa,2025-11-07T13:45:06Z,2025-11-07T14:00:28Z
5d41b629-bc94-47ff-9884-d1295b8a51fc,198.235.24.138,2,Dicompot,2025-11-07T13:45:05Z,2025-11-07T14:00:28Z
a8b2d082-b169-4d67-bd8c-fdcb913985d2,13.200.36.107,1,Suricata,2025-11-07T14:45:02Z,2025-11-07T14:45:02Z
0f0fedc7-630a-41c9-8771-c267a27bd302,87.121.84.13,1,Suricata,2025-11-07T14:45:02Z,2025-11-07T14:45:02Z
742d29ac-4928-4258-a435-f0a99a18a977,66.132.153.140,2,Honeytrap,2025-11-07T14:00:19Z,2025-11-07T14:45:05Z
2b0ce18d-9a99-4a95-9796-c612a73fe96d,14.116.189.74,2,Suricata,2025-11-07T14:45:02Z,2025-11-07T14:45:02Z
0d5369bb-d6dd-4961-8ccc-402fdcbe342c,47.103.157.194,2,Dionaea,2025-11-07T13:45:07Z,2025-11-07T14:00:35Z
158e7869-54b2-4379-864c-c499ff8adc8d,205.210.31.89,2,Conpot,2025-11-07T13:45:07Z,2025-11-07T14:00:36Z
d4043f0d-5ab3-4ad3-811f-c96e0f615a85,45.82.78.102,56,Conpot,2025-11-07T13:45:07Z,2025-11-07T14:00:36Z
fa1682dd-6c0c-4ac0-b2e3-56a515a6eb9f,198.235.24.236,2,Conpot,2025-11-07T13:45:07Z,2025-11-07T14:00:36Z
4e155f88-a7f5-4b6b-b60d-ebff0d5b8c60,147.185.132.76,2,Conpot,2025-11-07T13:45:07Z,2025-11-07T14:00:36Z
6e543df0-1b2b-4a32-8e3f-65fac9f7a84f,196.251.66.85,3,Suricata,2025-11-07T14:45:02Z,2025-11-07T15:00:02Z
77ce34ca-eb9d-4a16-9336-92f80c8f896c,173.255.228.88,1,Suricata,2025-11-07T15:00:02Z,2025-11-07T15:00:02Z
b0f3b950-9caa-47f2-a684-10eea2ea7d04,167.94.138.134,2,Suricata,2025-11-07T15:00:02Z,2025-11-07T15:00:02Z
0af58b92-2d4e-4c7b-bc01-a1fbae318db4,176.65.148.216,1,Suricata,2025-11-07T15:00:02Z,2025-11-07T15:00:02Z
f34fa2fd-9fd8-4fd1-99c5-b1bb7fd54437,192.46.235.159,2,Suricata,2025-11-07T15:00:02Z,2025-11-07T15:00:02Z
0d308614-0330-46ce-9027-c4bd71f109a6,107.149.138.164,166,Suricata,2025-11-07T11:45:20Z,2025-11-07T15:00:02Z
ba024e8b-6a7c-466e-85cd-0e3d7556ef80,65.49.20.66,4,Adbhoney,2025-11-07T13:45:07Z,2025-11-07T14:45:08Z
5f90b5e8-f159-49a5-8f4b-3375c6175056,185.242.226.7,4,Fatt-CitrixHoneyPot,2025-11-07T14:00:23Z,2025-11-07T14:45:08Z
7b764af0-72c3-4e48-81c3-7b92d13e5fe6,92.27.157.252,150,Cowrie-Suricata-Fatt,2025-11-07T13:45:01Z,2025-11-07T14:45:06Z
4e2c61f0-b1a3-436b-9c91-9f3d0368a7bc,5.198.176.28,66,Cowrie-Fatt,2025-11-07T14:00:02Z,2025-11-07T14:45:06Z
e97e8ff3-3202-4ffe-b90e-282126ecc7ce,128.199.13.81,999,Cowrie-Suricata-Fatt,2025-11-07T14:00:02Z,2025-11-07T14:45:06Z
4172272d-cb9d-4c48-9667-eabb2d857139,43.135.145.73,4,Tanner-Fatt,2025-11-07T14:00:02Z,2025-11-07T14:45:06Z
481989e3-c84b-41e3-8c45-d766cb1c2e63,43.167.236.228,4,Tanner-Fatt,2025-11-07T14:00:02Z,2025-11-07T14:45:06Z
f53d79a9-b872-4925-812c-d7a05c5bd04e,167.94.138.206,3,Suricata-Honeytrap,2025-11-07T14:00:03Z,2025-11-07T14:45:05Z
3946a293-a76e-4bce-a717-848725f9f7bf,142.202.189.5,21532,Suricata-Heralding,2025-11-07T11:45:20Z,2025-11-07T14:45:05Z
563a43a1-6e79-459a-90a1-54225b19c121,103.179.218.243,90,Suricata-Cowrie-Fatt,2025-11-07T14:00:03Z,2025-11-07T14:45:06Z
6a68cfb0-f3c7-472d-9c7c-f9ff9041b96f,3.90.139.193,1,Fatt,2025-11-07T14:45:06Z,2025-11-07T14:45:06Z
99d0009a-d48f-4cda-912b-74acd8356cdc,40.162.219.44,5,Suricata-Adbhoney,2025-11-07T14:00:03Z,2025-11-07T15:00:07Z
da87154e-9210-48e6-a578-cac8f0662cfc,128.199.170.235,60,Fatt-CitrixHoneyPot,2025-11-07T14:45:06Z,2025-11-07T15:00:07Z
0e980ec6-7797-44e2-905b-4b5a2fa2d41d,40.119.24.130,4,Fatt-CitrixHoneyPot,2025-11-07T14:45:06Z,2025-11-07T15:00:07Z
585e3905-0641-445e-8b3a-bd5f68a87368,206.168.34.52,5,Dionaea-Suricata,2025-11-07T13:45:07Z,2025-11-07T15:00:07Z
f8cadbbb-37e9-42ea-a98b-545d7ed39b3e,172.235.40.131,4,Dionaea,2025-11-07T14:45:08Z,2025-11-07T15:00:07Z
6bcc9557-9c12-411c-8be1-a8fbe10c8905,207.90.244.2,8,Dicompot-Dionaea,2025-11-07T13:45:05Z,2025-11-07T15:00:07Z
5e97e668-2176-4938-b778-bea8c1a014ca,205.210.31.90,3,Suricata,2025-11-07T15:45:03Z,2025-11-07T15:45:03Z
2f6dee78-7ac2-41a2-8fd2-6fdd9571b9f6,167.94.138.161,1,Suricata,2025-11-07T15:45:03Z,2025-11-07T15:45:03Z
44b9ec05-7426-48bd-884d-1051a48b3be5,198.235.24.115,3,Suricata,2025-11-07T15:00:02Z,2025-11-07T15:00:02Z
209f6427-9dae-4611-aa69-a50c6e4a8935,94.154.35.154,1,Suricata,2025-11-07T15:00:02Z,2025-11-07T15:00:02Z
9dac58e9-ca98-45a9-b8cf-1808a40cfa53,45.59.114.105,4,Suricata-Sentrypeer,2025-11-07T14:45:02Z,2025-11-07T15:00:04Z
11ef08e3-7911-4f96-a9bf-a7bd6707a008,45.93.201.79,4,Suricata-Sentrypeer,2025-11-07T14:45:02Z,2025-11-07T15:00:04Z
3fc38c6e-2877-4dd9-86c8-f842304f3eb9,103.15.226.170,2,Sentrypeer,2025-11-07T14:45:05Z,2025-11-07T15:00:04Z
60bb0422-832b-4a01-b136-54fc7291c7f2,172.236.228.224,15,Suricata-Redishoneypot,2025-11-07T14:45:02Z,2025-11-07T15:00:04Z
1c366c97-a8ce-4c2c-bfac-786313894f6b,66.132.153.115,2,Ipphoney,2025-11-07T14:45:05Z,2025-11-07T15:00:04Z
125b7e5f-b560-4b2b-b691-7585465cc390,89.42.231.77,2,Honeytrap,2025-11-07T14:45:05Z,2025-11-07T15:00:04Z
097bf30b-91bf-488a-aa9e-bdac431a66e8,196.251.81.227,36,Honeytrap,2025-11-07T14:45:05Z,2025-11-07T15:00:04Z
91eada38-72f5-4e68-8486-fc02679d0218,35.203.210.78,4,Honeytrap,2025-11-07T14:45:05Z,2025-11-07T15:00:04Z
60527222-388e-4737-875d-86a2df206639,74.214.56.173,2,Honeytrap,2025-11-07T14:45:05Z,2025-11-07T15:00:04Z
9ff14e6d-da05-43ba-b528-4159fec70a60,45.156.128.49,2,Honeytrap,2025-11-07T14:45:05Z,2025-11-07T15:00:04Z
351edaf0-a702-4ddc-b2ff-80873ac3a1de,206.168.34.208,2,Honeytrap,2025-11-07T14:45:05Z,2025-11-07T15:00:04Z
d9fe2832-026e-48f6-b67a-98e88553e4eb,162.216.150.77,2,Honeytrap,2025-11-07T14:45:05Z,2025-11-07T15:00:04Z
832d6d6d-b2c3-4dee-8b67-aa784fad0837,116.212.148.170,2,Heralding,2025-11-07T14:45:05Z,2025-11-07T15:00:04Z
5fa64d20-c440-4c97-a66a-2e7de9b10299,179.63.48.45,2,Heralding,2025-11-07T14:45:05Z,2025-11-07T15:00:04Z
a0dafdee-1cc4-4323-90f5-f8f09fea45e4,103.188.35.134,2,Heralding,2025-11-07T14:45:05Z,2025-11-07T15:00:04Z
e4da6942-038b-49a6-82e7-0be560787cad,41.57.189.110,3,Suricata-Heralding,2025-11-07T14:45:02Z,2025-11-07T15:00:04Z
ebb77e6b-599c-4cb7-aa31-8bc1dc213946,103.209.178.88,2,Heralding,2025-11-07T14:45:05Z,2025-11-07T15:00:04Z
529827c9-e371-420d-98b7-c752677f9d47,45.127.223.217,2,Heralding,2025-11-07T14:45:05Z,2025-11-07T15:00:04Z
ef416618-4aaa-45f5-be22-07ccd55ebd0a,49.51.52.250,4,Tanner-Fatt,2025-11-07T14:45:02Z,2025-11-07T15:00:05Z
602de2bd-50ae-4be0-8391-b205bb359dd6,3.90.139.193,5,Honeytrap-Fatt,2025-11-07T14:45:05Z,2025-11-07T15:00:05Z
51116b55-aec5-4a69-a1f5-91a5b7721544,43.155.195.141,4,Tanner-Fatt,2025-11-07T14:45:02Z,2025-11-07T15:00:05Z
ee228551-6838-43c5-b7ac-8e8bebb91272,103.189.208.13,156,Cowrie-Suricata-Fatt,2025-11-07T13:45:01Z,2025-11-07T15:00:05Z
a7ef633d-4168-491f-8eaa-7d8e31482fd5,43.157.147.3,4,Tanner-Fatt,2025-11-07T14:45:02Z,2025-11-07T15:00:05Z
ada87816-70bf-425c-b5a4-8cf99cddb070,118.219.234.233,171,Cowrie-Suricata-Fatt,2025-11-07T14:00:02Z,2025-11-07T15:00:05Z
6fc379fd-c420-4f16-97f4-59c772ca0c1f,167.94.138.122,2,Fatt,2025-11-07T14:45:06Z,2025-11-07T15:00:05Z
5992d2ea-f347-40e0-a197-fc20d47606d3,101.36.119.98,169,Cowrie-Suricata-Fatt,2025-11-07T14:00:02Z,2025-11-07T15:00:05Z
3a37d481-1648-40df-b06d-abc3450d0bbb,112.29.110.81,55,Cowrie-Suricata-Fatt,2025-11-07T14:00:02Z,2025-11-07T15:00:05Z
3786f3cf-4a77-4a4f-be1e-223632f19c27,45.78.222.229,102,Cowrie-Suricata-Fatt,2025-11-07T13:45:01Z,2025-11-07T15:00:05Z
d288bcfa-a369-4cf1-a109-45c65d07c660,103.179.218.243,90,Cowrie-Fatt-Suricata,2025-11-07T14:00:02Z,2025-11-07T15:00:05Z
a745144d-d0a5-4355-ba20-17a71982f68b,5.198.176.28,105,Suricata-Cowrie-Fatt,2025-11-07T14:00:03Z,2025-11-07T15:00:05Z
d0cbfb33-f3fd-4b7b-ac96-0b3f42158df4,43.153.104.196,4,Tanner-Fatt,2025-11-07T14:45:02Z,2025-11-07T15:00:05Z
44c54bc9-2856-422c-863b-07fc196162df,162.142.125.206,2,Dicompot,2025-11-07T14:45:07Z,2025-11-07T15:00:06Z
0b392da9-5ee4-4bca-a7c8-d754ec3b701b,66.132.153.127,7,Mailoney-Suricata,2025-11-07T15:00:02Z,2025-11-07T15:45:02Z
23be50e7-d19a-46d6-8fca-32d48c2c69fb,167.94.138.117,6,Suricata-Dionaea,2025-11-07T14:45:02Z,2025-11-07T15:00:07Z
0e996f71-b483-47bd-be22-095b7ec8c281,205.210.31.34,2,Conpot,2025-11-07T14:45:08Z,2025-11-07T15:00:07Z
626c320e-c319-4c65-8397-13f31dc9e52d,91.238.181.96,6,Honeytrap,2025-11-07T15:00:04Z,2025-11-07T15:45:10Z
97bd8312-86cd-4ca5-abc3-f5fc721bc148,64.226.123.74,3,Suricata-Fatt,2025-11-07T15:00:02Z,2025-11-07T15:45:11Z
c9256ba0-0ac9-4142-b637-91a4c3b8fbc4,43.167.232.38,4,Tanner-Fatt,2025-11-07T15:00:02Z,2025-11-07T15:45:11Z
5dc5bb02-f27e-4fa2-9eed-3d5190dd606a,206.168.34.49,16,Tanner-Fatt,2025-11-07T15:00:02Z,2025-11-07T15:45:11Z
6971e68b-4971-4748-a748-164de10d586a,198.1.117.220,147,Cowrie-Suricata-Fatt,2025-11-07T14:45:02Z,2025-11-07T15:45:11Z
f1266e3e-b6f3-4a2a-b96b-1926478eb873,49.51.243.95,4,Tanner-Fatt,2025-11-07T15:00:02Z,2025-11-07T15:45:11Z
4795aee5-9660-40f8-ab0e-ae5d8b7a43c7,174.138.51.203,1,Fatt,2025-11-07T15:45:11Z,2025-11-07T15:45:11Z
ff8422da-9037-432e-8150-5f89b1040852,34.16.115.129,1,Suricata,2025-11-07T15:45:03Z,2025-11-07T15:45:03Z
2950a51d-5444-4744-87b1-39235c0437b1,66.132.153.118,1,Suricata,2025-11-07T15:45:03Z,2025-11-07T15:45:03Z
ee174f75-6705-4e30-b246-f12ccb4bed1b,118.194.236.126,14,Dicompot,2025-11-07T15:00:06Z,2025-11-07T15:45:13Z
6984242a-1c77-45a4-9896-bf56a22276bc,209.38.136.82,2,Honeytrap,2025-11-07T15:00:04Z,2025-11-07T15:45:10Z
479ee07b-3f19-4c6c-9760-46499ce40c62,179.109.80.116,3,Suricata-Heralding,2025-11-07T15:00:02Z,2025-11-07T15:45:11Z
1c9fe429-8082-4498-a0b7-5452ab52246d,138.94.236.220,2,Heralding,2025-11-07T15:00:04Z,2025-11-07T15:45:11Z
6e9f6f34-9a7c-4049-8718-deb7c1a74183,202.79.161.74,4,Suricata,2025-11-07T12:00:01Z,2025-11-07T16:00:02Z
e71d47b5-29cd-4918-ae18-a82d1d332704,185.254.75.45,12,Redishoneypot,2025-11-07T15:45:10Z,2025-11-07T16:00:05Z
9a3106f0-a418-446d-8b9c-0022eb5f40d0,64.62.197.32,2,Ipphoney,2025-11-07T15:45:10Z,2025-11-07T16:00:05Z
4f8aa90b-5c6b-47b6-b96f-b476d7c45610,135.125.135.165,2,Honeytrap,2025-11-07T15:45:10Z,2025-11-07T16:00:05Z
74f24fb7-af37-4f22-be5a-e8a7e8da167a,44.220.188.56,14,Honeytrap,2025-11-07T15:45:10Z,2025-11-07T16:00:05Z
4dcac8f7-f39e-4a9b-9ae6-824a261971b2,194.165.16.164,12,Honeytrap,2025-11-07T12:45:04Z,2025-11-07T16:00:05Z
72658f2a-5e49-4314-9f4d-de7f72b88008,60.191.125.35,11,Suricata-Honeytrap,2025-11-07T15:45:03Z,2025-11-07T16:00:05Z
248c8de7-4aa0-4482-a400-8ffb2767be04,194.187.179.33,2,Honeytrap,2025-11-07T15:45:10Z,2025-11-07T16:00:05Z
127da094-c4e7-42bf-98b3-82272aaa2dfd,167.94.138.178,2,Honeytrap,2025-11-07T15:45:10Z,2025-11-07T16:00:05Z
54f6754f-a096-4122-b86d-c17bd0101a14,199.45.154.123,2,Honeytrap,2025-11-07T15:45:10Z,2025-11-07T16:00:05Z
9e18a852-16ac-4cdf-896a-b488e8573849,167.94.138.63,2,Honeytrap,2025-11-07T15:45:10Z,2025-11-07T16:00:05Z
6a31506f-a795-4ace-be8b-841b087d424d,103.231.78.252,2,Honeytrap,2025-11-07T15:45:10Z,2025-11-07T16:00:05Z
6f7478e5-e6ff-46d3-9ae8-572cdb282013,45.153.34.156,10,Honeytrap,2025-11-07T15:45:10Z,2025-11-07T16:00:05Z
c43af73a-99f7-41cf-a73d-0fd35fe814ab,124.41.208.53,3,Suricata-Heralding,2025-11-07T15:45:03Z,2025-11-07T16:00:05Z
5508818d-7f55-4080-934f-de070e549a45,41.218.114.84,2,Heralding,2025-11-07T15:45:11Z,2025-11-07T16:00:05Z
683d9f58-a487-4c54-82d1-24ed5d71b651,185.102.236.242,2,Heralding,2025-11-07T15:45:11Z,2025-11-07T16:00:05Z
d3846738-5dd8-4c06-a81a-f63ea8822bbf,197.254.81.30,3,Suricata-Heralding,2025-11-07T15:45:03Z,2025-11-07T16:00:05Z
c4ea69f4-21c7-4d24-8920-71409589fe96,196.216.8.60,2,Heralding,2025-11-07T15:45:11Z,2025-11-07T16:00:05Z
a835292a-6e93-4b94-954f-3ee23cbcbcf9,41.84.156.14,2,Heralding,2025-11-07T15:45:11Z,2025-11-07T16:00:05Z
c9155ddb-6724-4d56-9355-7034de495718,35.203.210.28,11,Mailoney-Suricata,2025-11-07T15:00:02Z,2025-11-07T16:00:01Z
23d86107-b5ce-4618-9bcc-4f1d8dc31cf5,45.33.75.93,4,Mailoney,2025-11-07T15:45:02Z,2025-11-07T16:00:01Z
8671a248-198b-44fb-9d1a-e16cd369a1bc,3.143.152.247,1,Suricata,2025-11-07T16:00:02Z,2025-11-07T16:00:02Z
e1e81c75-10ea-4cdb-be85-72a6ada3ba82,222.98.122.37,164,Cowrie-Suricata-Fatt,2025-11-07T14:45:02Z,2025-11-07T16:00:06Z
3e6edddc-0328-45e0-abec-eff16d5f3c4c,45.78.219.130,108,Cowrie-Suricata-Fatt,2025-11-07T14:00:02Z,2025-11-07T16:00:06Z
b8819c0e-1f6a-439d-8840-0583f8c6029d,122.54.18.220,163,Cowrie-Suricata-Fatt,2025-11-07T14:45:02Z,2025-11-07T16:00:06Z
63920342-741d-4b1f-9f3d-03ed2ecedf53,170.106.163.84,4,Tanner-Fatt,2025-11-07T15:45:01Z,2025-11-07T16:00:06Z
7d726933-e1e5-48f3-8cd2-e904080e6041,199.45.155.96,12,ElasticPot,2025-11-07T15:45:13Z,2025-11-07T16:00:06Z
bb99e9ca-fb05-44bf-b3f1-31bffd28fbb3,168.80.81.63,12,Ciscoasa,2025-11-07T13:45:06Z,2025-11-07T16:00:07Z
119e1a9b-301b-4cd2-82a6-d579583dfb18,168.80.83.19,12,Ciscoasa,2025-11-07T14:00:28Z,2025-11-07T16:00:07Z
afc96eca-8522-4e8b-ba24-dacd01b7acc4,168.80.80.29,12,Ciscoasa,2025-11-07T13:45:06Z,2025-11-07T16:00:07Z
7f096b66-2488-4d3a-82f2-eabde638761a,168.80.80.194,12,Ciscoasa,2025-11-07T13:45:06Z,2025-11-07T16:00:07Z
7322d8a5-e5f4-49ad-b58d-727b2f1558dd,168.80.81.19,12,Ciscoasa,2025-11-07T14:00:28Z,2025-11-07T16:00:07Z
6ace2059-5140-4b1e-98a8-9d15cc509802,168.80.82.138,12,Ciscoasa,2025-11-07T13:45:06Z,2025-11-07T16:00:07Z
bf52af04-ccd0-4452-8109-762c9ac83b38,45.131.1.245,1,Suricata,2025-11-07T16:00:02Z,2025-11-07T16:00:02Z
d9809c3b-69ba-4c8c-aa43-3eb80eba62fe,43.207.111.74,8,Suricata,2025-11-07T11:45:20Z,2025-11-07T16:00:02Z
adf367df-5955-46f5-a103-c2b24a668e63,106.12.184.7,1,Suricata,2025-11-07T16:00:02Z,2025-11-07T16:00:02Z
d0fd3915-e57a-4e66-b45f-ef218595563a,123.205.164.5,2,Heralding,2025-11-07T15:45:11Z,2025-11-07T16:00:05Z
03085d21-7844-4937-8ce4-e9e3f6ffac5b,43.157.158.178,4,Tanner-Fatt,2025-11-07T15:45:01Z,2025-11-07T16:00:06Z
3bfc1bfa-e49f-4091-8e7d-a6fa06af245e,94.103.2.174,176,Tanner-Fatt,2025-11-07T15:45:01Z,2025-11-07T16:00:06Z
6ba19760-b301-40a2-8aec-f24cc4ba5355,167.71.11.189,154,Cowrie-Suricata-Fatt,2025-11-07T14:45:02Z,2025-11-07T16:00:06Z
bd374b55-638e-4e2f-8fff-3dc837bf5f1f,101.47.161.221,129,Cowrie-Suricata-Fatt,2025-11-07T14:00:02Z,2025-11-07T16:00:06Z
67678083-c744-499f-8a9f-ab2b1c531e5e,185.213.165.65,163,Cowrie-Suricata-Fatt,2025-11-07T14:45:02Z,2025-11-07T16:00:06Z
5c203ac5-1d14-4ffa-81a6-e12ac8de1b14,117.50.51.198,60,Cowrie-Suricata-Fatt,2025-11-07T14:45:02Z,2025-11-07T16:00:06Z
af53f368-8ca1-41d2-9d1f-c80e373a4c04,35.203.211.41,6,Fatt,2025-11-07T15:45:11Z,2025-11-07T16:00:06Z
cb966b39-c943-41cf-bc9f-32b48c5a4d02,172.104.5.117,2,Fatt,2025-11-07T15:45:11Z,2025-11-07T16:00:06Z
209da14a-f751-45e9-9d80-0291a475310f,138.68.150.191,34,Honeytrap-Fatt,2025-11-07T15:45:10Z,2025-11-07T16:00:06Z
3a0bc104-b37a-4a22-ac26-92e083d71ce6,170.106.37.134,4,Tanner-Fatt,2025-11-07T15:45:01Z,2025-11-07T16:00:06Z
8b0fdd8c-10c8-4893-91b7-2db26d427b54,74.82.47.12,2,Fatt,2025-11-07T15:45:11Z,2025-11-07T16:00:06Z
f0883f8e-3900-4d84-847c-5aeed63149cf,4.211.84.189,163,Cowrie-Suricata-Fatt,2025-11-07T14:45:02Z,2025-11-07T16:00:06Z
f44aa284-08dc-4392-a115-060cb48db4e1,170.106.73.216,4,Tanner-Fatt,2025-11-07T15:45:01Z,2025-11-07T16:00:06Z
2cd8e54c-1251-4c92-854b-668e0fc55a8a,172.104.12.238,5,Suricata-Fatt,2025-11-07T14:45:02Z,2025-11-07T16:00:06Z
e0451009-c874-4df7-84b0-0d6eaf7abd6f,185.242.226.102,4,Tanner-Fatt,2025-11-07T15:45:01Z,2025-11-07T16:00:06Z
b93ba024-45a8-4bcd-acb2-0f4bedbe9967,45.78.222.173,119,Cowrie-Suricata-Fatt,2025-11-07T14:00:02Z,2025-11-07T16:00:06Z
194b6413-8a96-40d3-bee1-705c9bb7cd57,206.168.34.211,2,Dionaea,2025-11-07T15:00:07Z,2025-11-07T15:45:16Z
adaeb4f7-b510-4dba-b019-81bdbb7ee114,44.220.188.222,710,Fatt-CitrixHoneyPot,2025-11-07T15:00:05Z,2025-11-07T15:45:16Z
33a730c5-bbe1-4898-9444-2d14803b9af6,164.92.165.52,2,Dionaea,2025-11-07T15:00:07Z,2025-11-07T15:45:16Z
7fcd931e-00d5-444d-a549-f6d40998bb8e,51.158.205.47,1,Suricata,2025-11-07T16:45:03Z,2025-11-07T16:45:03Z
e8216261-6f18-4f64-a63a-ebd81c12e4fa,202.93.142.22,2,Sentrypeer,2025-11-07T16:00:05Z,2025-11-07T16:45:10Z
62fe76fb-7814-4bf4-b5f2-6382d60d4251,162.216.150.248,34,Adbhoney,2025-11-07T15:45:16Z,2025-11-07T16:00:07Z
ceb53bd6-fe86-409a-852a-73caf3d5d716,167.94.138.190,14,Ciscoasa-Dionaea,2025-11-07T14:45:07Z,2025-11-07T16:00:07Z
3e8060fc-e496-4618-88bd-4bf2e5de3c4b,20.64.104.229,4,Dionaea,2025-11-07T15:45:16Z,2025-11-07T16:00:07Z
27991772-af2c-4037-b7d0-24c1ebbbfb3f,34.79.180.31,3,Suricata-Dionaea,2025-11-07T15:45:03Z,2025-11-07T16:00:07Z
b013b9d7-d915-4a9e-9f92-16ed307d6ec0,20.65.136.10,4,Dionaea,2025-11-07T15:45:16Z,2025-11-07T16:00:07Z
7cd1c6eb-1252-4c0e-8764-62e90a6495ff,45.114.127.228,2,Cowrie,2025-11-07T16:00:01Z,2025-11-07T16:45:03Z
2b0f6c98-b6b9-415f-9f1f-6e88ae81c347,5.63.21.131,4,Suricata,2025-11-07T16:45:03Z,2025-11-07T16:45:03Z
8dc95aaf-c3fd-4af8-8ed3-63467a534d97,168.80.81.50,12,Ciscoasa,2025-11-07T14:45:07Z,2025-11-07T16:45:12Z
70ad5561-19db-4854-ab5a-dd7899a51303,168.80.81.185,12,Ciscoasa,2025-11-07T14:45:07Z,2025-11-07T16:45:12Z
8175037f-a073-4a89-a733-4e2b26cc8057,150.109.46.88,4,Tanner-Fatt,2025-11-07T16:00:01Z,2025-11-07T16:45:12Z
36e8967f-7d00-4a38-aee2-812592df0e33,170.106.82.209,3,Fatt-Tanner,2025-11-07T16:00:06Z,2025-11-07T16:45:12Z
3611c95c-c768-48a7-968b-3abe4661b192,43.155.188.157,4,Tanner-Fatt,2025-11-07T16:00:01Z,2025-11-07T16:45:12Z
4c3393e4-0a56-4aa2-af9e-9bdcc8716287,45.148.10.134,3,Suricata-Honeytrap,2025-11-07T16:00:02Z,2025-11-07T16:45:11Z
efa872f5-7100-483f-8db4-8d331c459239,103.225.149.34,3,Suricata-Heralding,2025-11-07T16:00:02Z,2025-11-07T16:45:11Z
6a06285a-6786-4f77-abe0-984b8443c127,113.176.100.157,2,Heralding,2025-11-07T16:00:05Z,2025-11-07T16:45:11Z
4768af12-1539-4b3f-878f-d5921bf81f78,45.79.172.186,1,Suricata,2025-11-07T17:00:03Z,2025-11-07T17:00:03Z
a8914c20-95e6-4cdb-acc5-9a55278ce9d4,205.210.31.37,3,Suricata,2025-11-07T17:00:03Z,2025-11-07T17:00:03Z
6d0e9054-5a9a-4690-aebc-3b1a1382acf8,91.224.92.94,1,Suricata,2025-11-07T17:00:03Z,2025-11-07T17:00:03Z
2e9ebdd9-3450-4b70-a67c-d9e3d38f3a8d,5.63.21.210,3,Suricata,2025-11-07T17:45:02Z,2025-11-07T17:45:02Z
530c08ca-ee24-43f0-8400-607664ae63f0,159.69.167.245,1,Sentrypeer,2025-11-07T17:45:04Z,2025-11-07T17:45:04Z
0d9e4411-eff6-42fa-bbcc-22cbed73db05,65.49.20.69,4,Dionaea-Suricata,2025-11-07T15:45:16Z,2025-11-07T17:45:02Z
3d434662-f09f-46c9-a1db-f3db4181d0c9,177.136.200.169,1,Suricata,2025-11-07T17:45:02Z,2025-11-07T17:45:02Z
425b9770-36ee-4d13-ad5e-cbfd2b3f0614,179.63.54.252,3,Suricata,2025-11-07T12:00:01Z,2025-11-07T17:45:02Z
64c0cc10-7364-48f3-87dc-4182735bfc34,173.255.212.137,2,Suricata,2025-11-07T17:45:02Z,2025-11-07T17:45:02Z
45ae7289-1c36-4da3-972e-07612d6ebd81,65.49.20.81,3,Suricata,2025-11-07T15:45:03Z,2025-11-07T17:45:02Z
1d2bc610-44a4-44b2-b947-cb01b429237c,43.159.152.184,4,Tanner-Fatt,2025-11-07T16:45:02Z,2025-11-07T17:00:17Z
2b0b3320-60f0-402c-b15a-113b1576206e,185.213.174.209,155,Cowrie-Suricata-Fatt,2025-11-07T15:45:02Z,2025-11-07T17:00:17Z
9c131163-f474-4eb8-9f1f-e0bc947cda3c,162.142.125.121,18,Dionaea-ElasticPot,2025-11-07T15:00:07Z,2025-11-07T17:00:17Z
6cfff086-23c9-4dc1-8b47-3e114ea60767,168.80.80.10,18,Ciscoasa,2025-11-07T14:45:07Z,2025-11-07T17:00:17Z
17ce6a85-29e7-4382-8e68-a045a0d52b4a,91.202.233.66,966,Ciscoasa,2025-11-07T11:45:26Z,2025-11-07T17:00:17Z
afb6c86d-86fa-4e44-ad35-ebe999fd1f31,168.80.81.67,12,Ciscoasa,2025-11-07T14:45:07Z,2025-11-07T17:00:17Z
1c03e8e4-9c95-4e4e-a585-6a564b93d46e,168.80.80.186,12,Ciscoasa,2025-11-07T14:45:07Z,2025-11-07T17:00:17Z
0a8ab7c2-6370-4f38-924a-a28cbb5f2bef,20.29.19.156,4,Fatt-CitrixHoneyPot,2025-11-07T16:45:12Z,2025-11-07T17:00:19Z
0b4bc122-2531-4f23-a9d3-f0310f727b3b,66.132.153.138,2,Dionaea,2025-11-07T16:45:14Z,2025-11-07T17:00:19Z
6e564de0-31ac-4d65-a2b1-68496d26387d,216.218.206.68,2,Dionaea,2025-11-07T16:45:14Z,2025-11-07T17:00:19Z
0449c09d-a64a-4a14-90a9-6ce9b37e1368,198.235.24.161,2,Dionaea,2025-11-07T16:45:14Z,2025-11-07T17:00:19Z
aab391b7-8b71-4e76-91ae-37d670a03b83,196.251.66.89,2,Dionaea,2025-11-07T16:45:14Z,2025-11-07T17:00:19Z
df5e7091-47b9-43a7-9439-c7d6a1b20517,216.180.246.76,17,Suricata-Conpot-Dionaea,2025-11-07T15:45:03Z,2025-11-07T17:00:19Z
c20e10fc-72d1-424c-8d76-fb280a92949e,147.182.202.179,10,Conpot,2025-11-07T16:45:14Z,2025-11-07T17:00:19Z
46b50f9a-5525-4fe8-9d9d-c017c2c9581f,199.45.154.133,10,Fatt,2025-11-07T16:45:12Z,2025-11-07T17:00:17Z
7eb020e8-aca1-4831-aee9-478803a46e08,198.235.24.39,2,Fatt,2025-11-07T16:45:12Z,2025-11-07T17:00:17Z
517b4230-5c84-4334-9906-29b4f20be715,159.65.85.241,2,Fatt,2025-11-07T16:45:12Z,2025-11-07T17:00:17Z
ae28dcf9-7c04-493f-99ed-f382ea05078c,43.135.36.201,4,Tanner-Fatt,2025-11-07T16:45:02Z,2025-11-07T17:00:17Z
c401d22a-a16d-4b73-8dc0-0305ae6e2582,170.106.180.153,4,Tanner-Fatt,2025-11-07T16:45:02Z,2025-11-07T17:00:17Z
a8715dd7-a37d-420b-a46f-7803061250a6,43.130.72.177,4,Tanner-Fatt,2025-11-07T16:45:02Z,2025-11-07T17:00:17Z
357b2c71-6e21-46bc-97df-b13cabef22b3,103.29.70.204,2,Fatt,2025-11-07T16:45:12Z,2025-11-07T17:00:17Z
1b2ba632-b959-43ea-9c3c-6cbc1ced58e6,147.182.241.81,30,Fatt,2025-11-07T16:45:12Z,2025-11-07T17:00:17Z
201716e5-ce39-4368-bc2d-be739c8f833f,20.221.68.122,2,Honeytrap,2025-11-07T16:45:11Z,2025-11-07T17:00:16Z
392612d5-4a57-4e18-80e9-23528ce8b2f8,194.165.16.163,6,Honeytrap,2025-11-07T16:45:11Z,2025-11-07T17:00:16Z
da87a8ac-588f-4d92-a350-405ee9a4fa78,35.203.210.148,6,Honeytrap,2025-11-07T16:45:11Z,2025-11-07T17:00:16Z
c3f00bc7-f10c-422e-8ea1-b0ec58ddeb7d,194.165.16.166,12,Honeytrap,2025-11-07T15:45:10Z,2025-11-07T17:00:16Z
d2eb65ee-0509-48db-9a04-ba2c6cd71d70,42.61.86.82,2,Honeytrap,2025-11-07T16:45:11Z,2025-11-07T17:00:16Z
984af9e8-9d37-4a2b-bc60-42ed5f6d5786,159.203.44.105,12,Honeytrap,2025-11-07T16:45:11Z,2025-11-07T17:00:16Z
50c0c8c2-be63-4f15-b179-d1bb7c190d44,45.227.254.155,12,Honeytrap,2025-11-07T15:45:10Z,2025-11-07T17:00:16Z
8c839fb7-535a-48ca-a230-cad08ef8c565,64.62.197.122,2,Honeytrap,2025-11-07T16:45:11Z,2025-11-07T17:00:16Z
87323a57-e6a4-495f-8d10-a6cdb75fce7b,88.157.145.54,2,Heralding,2025-11-07T16:45:11Z,2025-11-07T17:00:16Z
1583dcf9-cd39-4047-bf23-00bd94794833,183.87.217.222,3,Suricata-Heralding,2025-11-07T16:45:03Z,2025-11-07T17:00:16Z
49544726-4d57-44b4-bbc9-0d8f8d4f6a68,103.181.136.6,2,Heralding,2025-11-07T16:45:11Z,2025-11-07T17:00:16Z
0157e1cd-8c22-4383-b6ff-b9cac47d4cd0,93.90.165.247,2,Heralding,2025-11-07T16:45:11Z,2025-11-07T17:00:16Z
320850d5-e0ea-4bec-8a67-5ed23ed5d0d2,27.72.173.114,3,Suricata-Heralding,2025-11-07T16:45:03Z,2025-11-07T17:00:16Z
b0513eb1-1a70-40ee-b904-f6de9985c4c0,41.216.164.6,2,Heralding,2025-11-07T16:45:11Z,2025-11-07T17:00:16Z
63067451-2146-4a19-a0dd-90a98c76f461,139.255.204.131,2,Heralding,2025-11-07T16:45:11Z,2025-11-07T17:00:16Z
02e1ef41-af1b-4439-a4bc-15f42add08be,31.10.62.188,3,Suricata-Heralding,2025-11-07T17:00:03Z,2025-11-07T17:45:05Z
76658581-6f18-4647-aeac-ea4c32399d89,36.64.81.242,3,Suricata-Heralding,2025-11-07T17:00:03Z,2025-11-07T17:45:05Z
586a4de0-0d48-43e2-8c5a-c3aa0f6216a4,139.19.117.197,24,Suricata-Fatt,2025-11-07T12:00:01Z,2025-11-07T17:45:05Z
192c9b11-3ddc-45cc-8ff3-9e7605405db4,112.44.201.100,2,Suricata,2025-11-07T18:00:02Z,2025-11-07T18:00:02Z
1bb58537-8c04-48ce-919e-e29d39dc6fc4,64.62.156.129,1,Suricata,2025-11-07T18:00:02Z,2025-11-07T18:00:02Z
f6f275d7-36e6-4c98-ba34-baa7a39164fd,199.45.154.32,1,Suricata,2025-11-07T18:00:02Z,2025-11-07T18:00:02Z
1bb9ce54-d948-474c-a8b3-a857a43585c9,43.153.87.54,4,Tanner-Fatt,2025-11-07T17:45:02Z,2025-11-07T18:00:06Z
8e51a2a3-4ec6-4d06-a2bf-65b1f0765663,45.156.129.98,7,Suricata-Fatt,2025-11-07T17:45:02Z,2025-11-07T18:00:06Z
df7cd453-a6ab-429c-b417-006317caca6f,69.164.217.121,2,Fatt,2025-11-07T17:45:05Z,2025-11-07T18:00:06Z
f45fb591-78eb-4209-9c12-92517def19f0,128.203.204.215,6,Tanner-Suricata-Fatt,2025-11-07T17:45:02Z,2025-11-07T18:00:06Z
86679fec-acbb-4bea-907c-3d346558e5b9,134.199.148.117,139,Suricata-Fatt,2025-11-07T16:45:03Z,2025-11-07T18:00:06Z
c2a81768-aa42-4b12-a6de-38955a38ccff,45.156.129.95,8,Fatt,2025-11-07T17:45:05Z,2025-11-07T18:00:06Z
10f5034d-9839-4a20-9607-fd9b5a9380fd,45.156.129.97,7,Suricata-Fatt,2025-11-07T17:45:02Z,2025-11-07T18:00:06Z
31c93250-9a8f-4ce5-8f13-571cb50561f4,135.119.16.173,2,Fatt,2025-11-07T17:45:05Z,2025-11-07T18:00:06Z
8b9061cd-2971-43eb-ab82-e33c776a574a,43.159.143.187,4,Tanner-Fatt,2025-11-07T17:45:02Z,2025-11-07T18:00:06Z
49602291-dec8-4767-acbf-40872f92d158,43.130.15.147,4,Tanner-Fatt,2025-11-07T17:45:02Z,2025-11-07T18:00:06Z
3a793289-9070-437a-841e-8dc58d537ffc,50.116.51.222,5,Suricata-Fatt,2025-11-07T16:45:03Z,2025-11-07T18:00:06Z
68199a5c-6f9e-4be7-a2cd-11700708aebe,78.135.107.199,10,Tanner-Suricata-Fatt,2025-11-07T17:45:02Z,2025-11-07T18:00:06Z
54564075-33c1-4b42-afa1-5ebe6a949d89,43.153.15.51,4,Tanner-Fatt,2025-11-07T17:45:02Z,2025-11-07T18:00:06Z
7ca4b34d-3654-41f8-bdef-e2f44017b2a0,101.47.48.241,113,Fatt-Cowrie-Suricata,2025-11-07T15:45:11Z,2025-11-07T18:00:06Z
38343176-a220-4d03-a96a-4e7e2e898f6a,74.82.47.3,2,Fatt,2025-11-07T17:45:05Z,2025-11-07T18:00:06Z
28215ee7-eb10-4c1a-b440-23833277f695,43.159.149.216,4,Tanner-Fatt,2025-11-07T17:45:02Z,2025-11-07T18:00:06Z
6ec4392b-80dc-4f73-90b6-187f8b340b62,80.94.95.118,2,Fatt,2025-11-07T17:45:05Z,2025-11-07T18:00:06Z
e7f53622-b3c4-48c4-a486-81c9982f5d38,107.172.34.27,16,Redishoneypot-Tanner-Fatt,2025-11-07T16:45:11Z,2025-11-07T18:00:06Z
768da0d9-ba40-4e65-b076-d16c7c965eb0,119.59.101.98,75,Suricata-Fatt,2025-11-07T17:00:03Z,2025-11-07T18:00:06Z
ced36519-be68-44a5-ac32-f0aee12f4b16,45.78.227.89,124,Cowrie-Suricata-Fatt,2025-11-07T16:00:01Z,2025-11-07T18:00:06Z
a06145c0-360c-4c85-8e99-a4f067f19adc,162.216.150.113,4,Dicompot,2025-11-07T17:45:07Z,2025-11-07T18:00:06Z
121b9970-89bb-4082-bea1-ad2c649087d2,81.222.204.61,132,Sentrypeer,2025-11-07T11:45:25Z,2025-11-07T18:00:04Z
7a5a8382-1b29-40f6-a5d3-7e0021f95c9e,193.163.125.99,2,Sentrypeer,2025-11-07T17:45:04Z,2025-11-07T18:00:04Z
b0cfc88c-5c10-4026-b1fc-57ee622dcbdf,92.204.255.106,2,Sentrypeer,2025-11-07T17:45:04Z,2025-11-07T18:00:04Z
fd0fa494-01bf-44e3-9096-65805bb03e46,159.69.167.245,3,Suricata-Sentrypeer,2025-11-07T17:45:02Z,2025-11-07T18:00:04Z
946dc9a7-9628-4ca2-a169-584c80f957c8,104.244.168.75,2,Sentrypeer,2025-11-07T17:45:04Z,2025-11-07T18:00:04Z
ac07f023-bd99-4c7c-83fe-86f79d116a08,65.49.1.94,22,Redishoneypot,2025-11-07T17:45:04Z,2025-11-07T18:00:04Z
ce335a61-7b14-4a98-8c04-546d23859c8b,176.32.195.85,6,Redishoneypot,2025-11-07T17:45:04Z,2025-11-07T18:00:04Z
73addcb4-5c95-4741-a5c7-b12534405fc9,20.163.60.199,2,Ipphoney,2025-11-07T17:45:04Z,2025-11-07T18:00:04Z
f158afd5-58a6-48cd-859a-6d69e0549652,65.49.1.108,2,Honeytrap,2025-11-07T17:45:04Z,2025-11-07T18:00:04Z
5a58d57b-f501-493a-8295-f5b0612d74ea,168.80.81.211,6,Ciscoasa,2025-11-07T17:45:07Z,2025-11-07T18:00:07Z
5f685ec7-03c2-4d47-b7cb-bbd995142664,168.80.83.97,6,Ciscoasa,2025-11-07T17:45:07Z,2025-11-07T18:00:07Z
c2020771-b5dd-4ebb-927c-c996ffa9f71e,168.80.81.247,6,Ciscoasa,2025-11-07T17:45:07Z,2025-11-07T18:00:07Z
bf2da8e4-b24b-47d2-8e95-b721f214eac8,64.23.161.101,12,Suricata-Conpot-Adbhoney,2025-11-07T12:00:01Z,2025-11-07T18:00:08Z
6fc9bd4c-b461-4adc-a789-4de3f0f62d58,45.95.147.229,179,Mailoney-Honeytrap-Adbhoney-Conpot-ElasticPot-Ipphoney-Dionaea-Fatt-Suricata,2025-11-07T11:45:20Z,2025-11-07T18:00:08Z
980fa733-908b-46a7-a01e-3588b73752d8,45.156.129.96,7,Suricata-Fatt-CitrixHoneyPot,2025-11-07T17:45:02Z,2025-11-07T18:00:08Z
c0fac3c9-0673-40ed-b224-e95bf6768c6d,207.90.244.20,39,Fatt-Suricata-Mailoney,2025-11-07T13:45:05Z,2025-11-07T18:00:01Z
0c33832a-72e9-453c-8da3-03e35eb12705,69.164.209.221,4,Mailoney,2025-11-07T17:45:02Z,2025-11-07T18:00:01Z
da3d97e4-a5b8-4c73-b1db-ec41f0a9b2f9,164.92.114.247,2,Honeytrap,2025-11-07T17:45:04Z,2025-11-07T18:00:04Z
8eea810f-5ed0-4333-8152-b98df86f086d,35.203.211.165,4,Honeytrap,2025-11-07T17:45:04Z,2025-11-07T18:00:04Z
6ca3037e-770f-42a4-b0f4-eaeb14ccc0c1,162.216.150.137,4,Honeytrap,2025-11-07T17:45:04Z,2025-11-07T18:00:04Z
d11d3fc6-3472-445a-afc9-6d474510832d,212.36.218.250,2,Heralding,2025-11-07T17:45:05Z,2025-11-07T18:00:05Z
d8558cc4-79f7-48d4-9327-8109d0674d5b,186.29.192.205,3,Suricata-Heralding,2025-11-07T17:45:02Z,2025-11-07T18:00:05Z
ad05267f-5daf-481b-9a10-8bec0b949ed9,110.34.1.168,2,Heralding,2025-11-07T17:45:05Z,2025-11-07T18:00:05Z
81242713-ac2b-48d0-8775-5ffb9da0bc58,58.97.194.119,2,Heralding,2025-11-07T17:45:05Z,2025-11-07T18:00:05Z
855e45fe-6dbc-4478-a90d-d49cd66ab730,61.247.178.242,2,Heralding,2025-11-07T17:45:05Z,2025-11-07T18:00:05Z
92e8c91f-bb56-4e42-b5b7-078435dc4673,202.166.210.17,2,Heralding,2025-11-07T17:45:05Z,2025-11-07T18:00:05Z
0ea02c67-4765-45ab-9864-5f3e5ac181b0,168.80.82.32,18,Ciscoasa,2025-11-07T14:45:07Z,2025-11-07T17:45:07Z
a52ad919-55bd-46a9-99a5-d2715af56b11,168.80.83.185,18,Ciscoasa,2025-11-07T15:00:06Z,2025-11-07T17:45:07Z
060c175d-91bd-46e2-ad6b-8afebc2ba5d5,198.235.24.11,2,Dionaea,2025-11-07T17:00:19Z,2025-11-07T17:45:07Z
b3a748be-a624-4cd6-a99d-07d2c3539ef6,45.95.147.229,201,Tanner-Suricata-Conpot-Honeytrap-ElasticPot-Mailoney-Fatt-Redishoneypot-Adbhoney-Dionaea,2025-11-07T11:45:20Z,2025-11-07T17:45:08Z
797ae746-ac1c-4cbc-9c4f-b6511de3c904,43.135.135.57,4,Tanner-Fatt,2025-11-07T17:00:01Z,2025-11-07T17:45:05Z
e28c91e4-6c81-40e6-9d97-845203782ce0,14.103.117.75,56,Cowrie-Suricata-Fatt,2025-11-07T16:45:03Z,2025-11-07T17:45:05Z
84096434-1efe-47c3-9212-630a80a94641,185.156.73.233,6,Fatt-Suricata,2025-11-07T12:45:04Z,2025-11-07T17:45:05Z
1182c6af-7a04-47ba-8c61-a3087f17e00c,65.49.1.165,1,Suricata,2025-11-07T18:45:03Z,2025-11-07T18:45:03Z
e3163a49-f89a-4c66-8ebc-aeaf53dbcedb,3.132.23.201,28,Dionaea-Suricata,2025-11-07T14:45:08Z,2025-11-07T18:00:08Z
07f21428-103f-4059-90a3-e9f86535cb6b,74.82.47.4,4,Dionaea,2025-11-07T17:45:07Z,2025-11-07T18:00:08Z
ac819b40-8c17-429d-af12-08e9f33a058e,135.237.127.207,2,Dionaea,2025-11-07T17:45:07Z,2025-11-07T18:00:08Z
43d1e996-4a92-4b36-a036-416b43aa1d9c,8.138.155.88,8,Dionaea,2025-11-07T17:45:07Z,2025-11-07T18:00:08Z
cd44290a-b88e-4b25-b798-61cd415030d4,65.49.20.68,2,Dionaea,2025-11-07T17:45:07Z,2025-11-07T18:00:08Z
940a4d4c-27ad-4597-aa4b-5424c7fd7682,205.210.31.236,2,Dionaea,2025-11-07T17:45:07Z,2025-11-07T18:00:08Z
7222d2d4-7cbb-4547-aab8-22890a5a6f1b,35.203.210.239,5,Suricata-Dionaea,2025-11-07T17:45:02Z,2025-11-07T18:00:08Z
6047c734-5e56-4add-b849-0d036a125cbd,88.214.25.123,14,Honeytrap-Conpot,2025-11-07T16:45:11Z,2025-11-07T18:00:08Z
735249d6-a312-4f0a-b068-f8c1c326b319,45.227.254.156,12,Suricata-Honeytrap-Conpot,2025-11-07T13:45:01Z,2025-11-07T18:00:08Z
542d1e8c-bba9-4703-b919-e44806a1b7e4,185.200.116.86,1,Suricata,2025-11-07T18:45:03Z,2025-11-07T18:45:03Z
bda8fd00-2b0e-43b1-8b44-f3b09a991d70,65.49.1.163,1,Suricata,2025-11-07T18:45:03Z,2025-11-07T18:45:03Z
2365d778-e889-4c09-90b4-ee5fa5392d7d,140.83.55.45,9,Suricata,2025-11-07T11:45:20Z,2025-11-07T18:45:03Z
242c1efe-41c1-4621-907a-7428a75894ef,185.23.17.8,2,Suricata,2025-11-07T18:45:03Z,2025-11-07T18:45:03Z
436c3c6b-85b7-4097-9aac-2b92a3983ae7,198.74.50.114,1,Suricata,2025-11-07T18:45:03Z,2025-11-07T18:45:03Z
8de341be-a468-4277-bc0d-d2cc6449f02b,91.238.181.95,4,Suricata,2025-11-07T18:45:03Z,2025-11-07T18:45:03Z
0317e298-77cb-410c-87b7-ea4c1d122d12,101.126.14.37,7,Suricata-Cowrie,2025-11-07T17:45:02Z,2025-11-07T18:45:02Z
26a0e724-a357-4b19-9708-a8b5d25245db,101.126.14.37,28,Cowrie-Fatt,2025-11-07T17:45:02Z,2025-11-07T18:45:15Z
c2ac6cea-409c-469d-8bf3-aaf7e2064f9b,213.199.44.212,4,Suricata-Sentrypeer,2025-11-07T18:00:02Z,2025-11-07T18:45:13Z
ad9b7643-cf34-4530-b82e-6a7dd704adf3,146.70.126.198,12,Redishoneypot,2025-11-07T18:00:04Z,2025-11-07T18:45:13Z
84559824-63e2-4d5a-ac79-a19fb8ceaf0d,147.185.133.50,2,Ipphoney,2025-11-07T18:00:04Z,2025-11-07T18:45:13Z
2c0bf0f2-909d-4d0a-95ec-12655416975d,199.45.155.64,6,Honeytrap,2025-11-07T18:00:04Z,2025-11-07T18:45:13Z
1c3aa9f3-e116-4649-8ff8-9edb1e698320,102.164.6.254,2,Heralding,2025-11-07T18:00:05Z,2025-11-07T18:45:13Z
0ac7588f-4154-4ac0-a9fd-f9f0c674815e,103.160.206.178,3,Suricata-Heralding,2025-11-07T18:00:02Z,2025-11-07T18:45:13Z
ba9af4d4-a933-4396-9b42-46c83a5fb47f,3.130.96.91,7,Ciscoasa-Suricata,2025-11-07T16:45:12Z,2025-11-07T18:45:03Z
9181b2b1-cfb3-4b6d-a32e-c45e2145e073,64.62.156.124,5,Suricata-Fatt,2025-11-07T18:00:02Z,2025-11-07T18:45:15Z
f2afe8a7-5c2a-43d4-a1b5-24c6d689fc60,43.159.152.4,4,Tanner-Fatt,2025-11-07T18:00:01Z,2025-11-07T18:45:15Z
d513ebc2-db08-4e7d-a77b-75b34ac2e4db,207.154.232.101,5,Suricata-Fatt,2025-11-07T18:00:02Z,2025-11-07T18:45:15Z
e7b3d615-d4a2-4ced-ab5c-efdfc9d05690,114.55.35.152,24,Suricata,2025-11-07T11:45:20Z,2025-11-07T19:00:01Z
fcbd5b12-493a-421b-b4b3-aa3675cec1cf,14.103.236.241,2,Suricata,2025-11-07T19:00:01Z,2025-11-07T19:00:01Z
ea23c3ec-3d79-4e7f-9c86-45b94d21cbd0,173.255.238.217,1,Suricata,2025-11-07T19:00:01Z,2025-11-07T19:00:01Z
42637599-5652-41f4-8c7e-5a0f05f249f7,66.132.153.155,1,Suricata,2025-11-07T19:00:01Z,2025-11-07T19:00:01Z
a266a064-673b-4dc5-bdb6-ffa9f8df7e29,111.42.133.43,2,Suricata,2025-11-07T19:00:01Z,2025-11-07T19:00:01Z
c596ad6e-138e-4819-bcd8-0e158171d34c,45.148.10.238,1,Suricata,2025-11-07T19:00:01Z,2025-11-07T19:00:01Z
145a977a-bc00-4111-ab74-990fef746fab,167.61.125.46,2,Honeytrap,2025-11-07T18:45:13Z,2025-11-07T19:00:04Z
07844233-0953-4f27-9b7f-e3c537e8e15f,194.164.107.4,4,Honeytrap,2025-11-07T18:45:13Z,2025-11-07T19:00:04Z
58751e40-6ba1-4dc6-af12-fe55180ed6e2,207.90.244.27,8,Honeytrap,2025-11-07T18:45:13Z,2025-11-07T19:00:04Z
3eb17514-2bc9-4efd-8406-b28b1a311994,91.238.181.92,22,Honeytrap-Suricata,2025-11-07T16:45:11Z,2025-11-07T19:00:04Z
a4d92821-a020-4bec-b5c2-27c0c7665338,203.95.199.188,3,Suricata-Heralding,2025-11-07T18:45:03Z,2025-11-07T19:00:04Z
b08d57e0-695d-4bd9-8044-072b8b87805e,200.155.138.104,2,Heralding,2025-11-07T18:45:13Z,2025-11-07T19:00:04Z
4741a23c-3221-40b2-8d35-ee1f2417eb61,109.108.105.235,2,Heralding,2025-11-07T18:45:13Z,2025-11-07T19:00:04Z
0e39d260-aee7-4d64-bd99-1ee8635aea72,105.27.145.198,1,Heralding,2025-11-07T19:00:04Z,2025-11-07T19:00:04Z
c5f8deee-9944-4500-9187-3e6e75793c6f,105.25.144.106,3,Suricata-Heralding,2025-11-07T18:45:03Z,2025-11-07T19:00:04Z
6738876c-f502-4dd3-baf1-bb3c1a8eb3b5,201.20.68.65,2,Heralding,2025-11-07T18:45:13Z,2025-11-07T19:00:04Z
49cdb75b-ea0b-42b9-95b2-022d54d9c503,103.30.118.111,2,Heralding,2025-11-07T18:45:13Z,2025-11-07T19:00:04Z
0b602303-ff0a-4cee-8826-2c1d8b3ac4e1,43.230.195.33,2,Heralding,2025-11-07T18:45:13Z,2025-11-07T19:00:04Z
e5ebb168-ebf4-46ed-8e94-abe4dfb06807,43.130.40.120,4,Tanner-Fatt,2025-11-07T18:45:02Z,2025-11-07T19:00:04Z
0ed95b6d-965e-4096-b11c-8d62f772f860,104.26.12.205,4,Fatt,2025-11-07T14:45:06Z,2025-11-07T19:00:04Z
54b535df-eed1-4134-904b-b783751c1662,3.134.148.59,18,Dionaea-Fatt,2025-11-07T13:45:07Z,2025-11-07T19:00:04Z
db04ed0f-0b0c-4c7f-b444-64b1d3b4b529,43.153.96.79,4,Tanner-Fatt,2025-11-07T18:45:02Z,2025-11-07T19:00:04Z
cb113d75-f66d-443a-889a-9b6c7d7ed306,43.135.133.241,4,Tanner-Fatt,2025-11-07T18:45:02Z,2025-11-07T19:00:04Z
743a1297-d48a-4084-bbf3-fc24e8190357,216.218.206.125,2,Fatt,2025-11-07T18:45:15Z,2025-11-07T19:00:04Z
b9e7ab5a-7bd4-4622-a30d-3b0798a1ba92,43.130.106.18,4,Tanner-Fatt,2025-11-07T18:45:02Z,2025-11-07T19:00:04Z
735c49b9-5dfb-4082-a886-6661b24d4838,176.65.149.135,9,Cowrie-Suricata,2025-11-07T17:45:02Z,2025-11-07T19:00:01Z
cb9b9d24-5bd8-426a-8269-1ab20a0eb6c3,176.65.149.253,7,Suricata-Fatt-CitrixHoneyPot,2025-11-07T18:00:02Z,2025-11-07T18:45:23Z
0bf8ee2d-4597-46cf-b5de-ddf039850776,194.163.129.51,18,Tanner-Fatt-CitrixHoneyPot-Suricata,2025-11-07T17:45:02Z,2025-11-07T18:45:23Z
6951ea37-1a8a-4859-8c3f-a36a759ecf32,147.185.133.164,6,Conpot,2025-11-07T18:00:08Z,2025-11-07T18:45:24Z
229d7499-0f2a-49df-8c89-24540810e3e1,167.94.138.189,1,Suricata,2025-11-07T19:45:02Z,2025-11-07T19:45:02Z
b19ef15d-1ca9-4770-8d11-a71d7bb74a46,14.103.115.181,2,Suricata,2025-11-07T19:45:02Z,2025-11-07T19:45:02Z
25d5253c-db6f-4666-bb9f-b90b3cff1518,90.151.171.109,2,Suricata,2025-11-07T19:45:02Z,2025-11-07T19:45:02Z
ca69429e-0324-4b43-9a11-620c04ea11ea,185.23.17.87,2,Suricata,2025-11-07T17:00:03Z,2025-11-07T19:45:02Z
d4439bd1-3f63-470e-bb36-345f09a8792f,18.117.57.162,1,Suricata,2025-11-07T19:45:02Z,2025-11-07T19:45:02Z
44f3f420-21d1-468d-9f21-0b9e8b5f2f37,209.38.201.154,4,Suricata-Sentrypeer,2025-11-07T19:00:01Z,2025-11-07T19:45:04Z
5d33e2fd-6772-4816-ad95-4e5e2f609a44,141.98.11.179,3,Honeytrap,2025-11-07T19:45:05Z,2025-11-07T19:45:05Z
0e634063-f4cf-47c8-ad46-6c77576f1b1e,165.154.11.149,8,Mailoney,2025-11-07T19:00:01Z,2025-11-07T19:45:02Z
50a4b1f7-9e4a-4a9d-a037-2a3f636aed40,205.210.31.215,2,Suricata,2025-11-07T19:45:02Z,2025-11-07T19:45:02Z
3afc1385-d59c-496a-95b0-3bd9ae3b267d,222.246.42.30,3,Suricata,2025-11-07T19:45:02Z,2025-11-07T19:45:02Z
80ee6dd3-286b-4e6f-a8e2-c149b2a83171,45.140.140.15,1,Suricata,2025-11-07T19:45:02Z,2025-11-07T19:45:02Z
c8857f07-7f46-4abb-9f8f-d26743865d04,144.202.82.88,1,Suricata,2025-11-07T19:45:02Z,2025-11-07T19:45:02Z
f62b14ab-7e00-42de-bdf7-81007fdfa1b1,104.238.21.166,1,Suricata,2025-11-07T19:45:02Z,2025-11-07T19:45:02Z
75ce0286-aa99-4977-bfcf-74de7117149d,36.137.157.218,21,Suricata,2025-11-07T11:45:20Z,2025-11-07T19:45:02Z
40917d62-78d2-4829-b458-9180b6eeac0e,43.156.202.34,4,Tanner-Fatt,2025-11-07T19:00:01Z,2025-11-07T19:45:05Z
2b5a8eee-f457-43fa-8ca8-ebbeee32a907,204.76.203.30,150,Dionaea-Tanner-Suricata-Fatt,2025-11-07T17:45:07Z,2025-11-07T19:45:05Z
6c083cf5-f442-4c9d-8cce-5e6e10c86574,170.106.143.6,4,Tanner-Fatt,2025-11-07T19:00:01Z,2025-11-07T19:45:05Z
5fe20c68-e598-4d27-9c87-117dee492852,162.142.125.115,4,Honeytrap,2025-11-07T19:00:04Z,2025-11-07T19:45:05Z
f6a49972-277c-45c9-8d45-57bee19e10c9,105.27.145.198,2,Suricata-Heralding,2025-11-07T19:00:01Z,2025-11-07T19:45:05Z
1a8880e0-0714-46cd-afad-7b4489921019,124.41.240.108,3,Suricata-Heralding,2025-11-07T19:00:01Z,2025-11-07T19:45:05Z
e54b30e3-a976-4b6b-a5bd-ac07ce248759,103.146.202.84,995,Cowrie-Suricata-Fatt,2025-11-07T19:00:01Z,2025-11-07T19:45:05Z
3864a9d2-77bf-4ce4-a7f0-eed1d64c4c2d,198.235.24.60,2,Dionaea,2025-11-07T18:45:23Z,2025-11-07T19:00:08Z
c3685aed-bdd9-4b2c-967b-f4053632d424,184.105.139.68,2,Dionaea,2025-11-07T18:45:23Z,2025-11-07T19:00:08Z
6c04db69-4970-47bb-a0b6-73d43612564d,207.90.244.11,4,Dionaea,2025-11-07T15:45:16Z,2025-11-07T19:00:08Z
fa4a5245-30ee-4850-8bea-8e3c4e88947b,206.168.34.201,3,Suricata-Dionaea,2025-11-07T18:45:03Z,2025-11-07T19:00:08Z
9668c2db-5b2d-4583-b322-107e225a99c4,64.62.197.92,4,Conpot,2025-11-07T18:45:24Z,2025-11-07T19:00:09Z
b474e849-22b2-4ff7-b64f-299f28ccf706,64.62.197.93,6,Conpot,2025-11-07T18:45:24Z,2025-11-07T19:00:09Z
9a7ddf4c-c973-46be-8a0c-48799520c551,43.159.149.56,4,Tanner-Fatt,2025-11-07T18:45:02Z,2025-11-07T19:00:04Z
b20bf275-f4c2-437e-965e-7c356c3e7afc,52.188.189.6,4,Ciscoasa,2025-11-07T18:45:19Z,2025-11-07T19:00:07Z
75de3920-54d0-41bc-96e0-c6314c4f74b8,207.90.244.23,24,Ciscoasa,2025-11-07T18:45:19Z,2025-11-07T19:00:07Z
46863e41-b221-465b-9fbc-f04a87e6526c,172.236.228.38,4,Fatt,2025-11-07T18:45:15Z,2025-11-07T19:00:04Z
3dd8b04d-3f6b-4776-9b06-3dc001230a8d,65.49.1.162,3,Suricata-Fatt,2025-11-07T18:45:03Z,2025-11-07T19:00:04Z
c952f1b2-69d5-4b51-82a1-74ca4090ece7,168.80.81.4,6,Ciscoasa,2025-11-07T19:45:06Z,2025-11-07T20:00:06Z
952537e2-413b-4d4e-9928-d228f03e6fba,168.80.80.158,6,Ciscoasa,2025-11-07T19:45:06Z,2025-11-07T20:00:06Z
8a81f0c1-ec72-4419-8c6f-56713d889952,168.80.81.192,6,Ciscoasa,2025-11-07T19:45:06Z,2025-11-07T20:00:06Z
2dc4bfa5-7deb-432b-8900-9996ab5f7f71,168.80.82.179,6,Ciscoasa,2025-11-07T19:45:06Z,2025-11-07T20:00:06Z
6696e25c-2cff-41ac-bdfe-95bb3a64daa4,168.80.81.89,6,Ciscoasa,2025-11-07T19:45:06Z,2025-11-07T20:00:06Z
db58edd3-2905-4c89-a670-11a44167cf04,168.80.82.196,6,Ciscoasa,2025-11-07T19:45:06Z,2025-11-07T20:00:06Z
a43de72f-1443-4d98-94df-c73c0d7d1e17,66.228.53.136,8,Adbhoney,2025-11-07T19:45:07Z,2025-11-07T20:00:06Z
175ebf3e-374e-4ab3-9c8f-24385d3eaa62,162.216.149.163,4,Adbhoney,2025-11-07T19:45:07Z,2025-11-07T20:00:06Z
8302978e-d262-4225-b629-3c4f54b85b16,149.50.97.212,4,Fatt-CitrixHoneyPot,2025-11-07T19:45:05Z,2025-11-07T20:00:07Z
fe5222eb-a3e4-4b96-a3a1-833151294ba7,179.111.106.140,10,Dionaea,2025-11-07T19:00:08Z,2025-11-07T20:00:07Z
29b9c57a-8f63-457d-84e1-7fc946d8ffe9,20.171.25.216,2,Dionaea,2025-11-07T19:45:07Z,2025-11-07T20:00:07Z
de5d9d15-d500-4e00-86bb-c7006cdae7ad,135.233.112.103,6,Dionaea,2025-11-07T19:45:07Z,2025-11-07T20:00:07Z
207dd42e-86c1-4e47-af51-05d2ac3e8c04,198.235.24.251,2,Dionaea,2025-11-07T19:45:07Z,2025-11-07T20:00:07Z
a4cbb6cf-15b3-41cc-b6d1-1ab4cd754b30,194.165.16.165,4,Dionaea,2025-11-07T19:45:07Z,2025-11-07T20:00:07Z
1936a17c-1eba-4349-9e2f-24105a478023,198.235.24.192,2,Conpot,2025-11-07T19:45:07Z,2025-11-07T20:00:07Z
66f4e5c7-b824-43a0-938e-69e3d8769bd8,66.132.153.134,2,Suricata,2025-11-07T20:00:02Z,2025-11-07T20:00:02Z
53f3ce2c-fcc4-41e1-bc67-9d2a535fa749,43.143.18.14,26,Suricata,2025-11-07T12:45:01Z,2025-11-07T20:00:02Z
b70caa34-c99e-47f3-bde0-75714b1b1b11,141.98.11.179,9,Suricata-Honeytrap,2025-11-07T19:45:02Z,2025-11-07T20:00:04Z
c35a6b02-5519-4572-95dc-7fee567210af,185.169.4.104,13,Suricata-Honeytrap,2025-11-07T19:45:02Z,2025-11-07T20:00:04Z
641aced0-d3ae-4c30-8ba5-04ff88f06455,141.98.11.158,12,Suricata-Honeytrap,2025-11-07T19:45:02Z,2025-11-07T20:00:04Z
4ada9cd3-f234-4bf7-b521-a6e43eebab83,90.151.171.108,30,Suricata-Honeytrap,2025-11-07T19:45:02Z,2025-11-07T20:00:04Z
e9ecedb4-56ba-49b4-9239-c91a051c5325,88.214.25.124,12,Honeytrap,2025-11-07T17:45:04Z,2025-11-07T20:00:04Z
69ab8c9c-39ac-44b9-803b-e735ba4ba042,141.98.11.77,12,Suricata-Honeytrap,2025-11-07T19:45:02Z,2025-11-07T20:00:04Z
2667a420-1354-4b81-861e-ffffd6e794ab,135.237.126.87,2,Honeytrap,2025-11-07T19:45:05Z,2025-11-07T20:00:04Z
7b71513b-a835-436d-b5fc-18bc80b035eb,45.148.10.95,10,Honeytrap,2025-11-07T19:45:05Z,2025-11-07T20:00:04Z
05d9d50c-1ce4-4c91-8c5d-0b06109dc80b,45.135.193.2,4,Honeytrap,2025-11-07T17:45:04Z,2025-11-07T20:00:04Z
428d853d-b3eb-4f26-94c0-9298f4df6513,141.98.11.134,12,Suricata-Honeytrap,2025-11-07T19:45:02Z,2025-11-07T20:00:04Z
12f0d9ba-e688-44b3-a929-58bd3e5603e2,102.223.229.108,2,Heralding,2025-11-07T19:45:05Z,2025-11-07T20:00:04Z
60023fec-eaa9-4a10-8e98-5834f285adfc,176.102.128.140,2,Heralding,2025-11-07T19:45:05Z,2025-11-07T20:00:04Z
5405837f-7a20-4058-aab2-be421915f13a,110.137.129.195,2,Heralding,2025-11-07T19:45:05Z,2025-11-07T20:00:04Z
c7284573-37e1-4de9-8e82-eed2a5026d89,197.211.209.121,2,Heralding,2025-11-07T19:45:05Z,2025-11-07T20:00:04Z
a56c423b-0b07-4a3a-ac17-9155da992e20,179.184.85.167,3,Suricata-Heralding,2025-11-07T19:45:02Z,2025-11-07T20:00:04Z
6da77b1f-e8fc-4003-8bda-f5cb343ad313,177.222.228.178,2,Heralding,2025-11-07T19:45:05Z,2025-11-07T20:00:04Z
191c56f6-4bd0-4d66-8134-b90dd1c8eca2,66.228.36.192,2,Fatt,2025-11-07T19:45:05Z,2025-11-07T20:00:05Z
769cba8c-6ece-4df3-99f8-f59edd9589e8,104.28.224.60,10,Cowrie-Suricata-Fatt,2025-11-07T19:00:01Z,2025-11-07T20:00:05Z
78ada84a-3f50-480f-abb2-cc3a8819cea4,23.239.9.235,5,Suricata-Fatt,2025-11-07T18:45:03Z,2025-11-07T20:00:05Z
ba302fae-ad55-4f84-8b36-623c634bb968,204.76.203.212,17,Tanner-Honeytrap-Fatt,2025-11-07T13:45:01Z,2025-11-07T20:00:05Z
138fbaac-fc11-4b4f-ae58-adcd2eea9f5a,104.28.224.61,37,Cowrie-Suricata-Fatt,2025-11-07T19:45:02Z,2025-11-07T20:00:05Z
9103abee-abf8-45f7-8695-6fcf623ed2e3,146.19.24.116,12,Tanner-Fatt,2025-11-07T19:45:02Z,2025-11-07T20:00:05Z
62f082a4-90b6-4cd3-90be-69af124db97d,207.90.244.10,20,Tanner-Fatt,2025-11-07T19:45:02Z,2025-11-07T20:00:05Z
56088ce2-906f-49c5-ad76-e3c82a3a93a7,171.80.11.236,136,Cowrie-Suricata-Fatt,2025-11-07T19:00:01Z,2025-11-07T20:00:05Z
ad94c090-a419-4ebb-967f-c8f978b3f46e,104.28.192.60,81,Cowrie-Suricata-Fatt,2025-11-07T19:00:01Z,2025-11-07T20:00:05Z
8cf9095d-f6bd-4c68-a376-2961f571b3ea,199.45.154.116,16,Tanner-Fatt,2025-11-07T19:45:02Z,2025-11-07T20:00:05Z
4ed5eeba-2df8-4ab5-bc08-6c6edf5db838,71.30.205.83,2,Fatt,2025-11-07T19:45:05Z,2025-11-07T20:00:05Z
91a0c399-cd3e-48a4-b114-4e7201959451,104.28.192.61,28,Cowrie-Fatt,2025-11-07T19:45:02Z,2025-11-07T20:00:05Z
7ef24386-e011-442f-be40-f83e97561281,20.168.12.169,4,Tanner-Fatt,2025-11-07T19:45:02Z,2025-11-07T20:00:05Z
7e2d32ab-7007-4223-9186-8a24a7284cee,204.76.203.219,26,Suricata-Honeytrap-Tanner-Fatt,2025-11-07T13:00:02Z,2025-11-07T20:00:05Z
aebbc898-d3ee-432f-b588-3f239a594f6d,140.238.218.113,13,Suricata,2025-11-07T12:45:01Z,2025-11-07T20:45:02Z
48e839ea-a6d3-4348-ac0d-48a397f95d16,205.210.31.55,1,Suricata,2025-11-07T20:00:02Z,2025-11-07T20:00:02Z
71076079-b858-49ce-8dcb-2076c9e57a60,31.40.198.207,47,Suricata,2025-11-07T17:00:03Z,2025-11-07T20:00:02Z
d4eef69a-ba1f-4549-9493-1658520327e5,198.235.24.16,1,Suricata,2025-11-07T20:00:02Z,2025-11-07T20:00:02Z
aab62844-e443-44fd-a485-111aab32eb2e,106.14.238.41,27,Suricata,2025-11-07T12:00:01Z,2025-11-07T20:00:02Z
1fc66bd5-d26d-4f1f-8a14-5b9136a2ee83,176.65.149.182,1,Suricata,2025-11-07T20:00:02Z,2025-11-07T20:00:02Z
e267d0c9-0ef0-4975-80b7-640ad01d4e76,209.38.131.131,4,Suricata,2025-11-07T20:00:02Z,2025-11-07T20:00:02Z
023b9adc-b5ff-43bd-b395-e913ff94c58b,185.224.128.25,1,Suricata,2025-11-07T20:45:02Z,2025-11-07T20:45:02Z
c6f40ed7-ea6a-4ee5-ab33-a593ec15bb43,41.178.53.93,22,Suricata,2025-11-07T11:45:20Z,2025-11-07T20:45:02Z
c66a751d-82cf-45b6-9daa-9a50f26f9366,117.156.112.97,24,Suricata,2025-11-07T11:45:20Z,2025-11-07T20:45:02Z
637c79c7-3ed2-478f-8a73-01286631aeb4,198.235.24.12,2,Fatt,2025-11-07T18:45:15Z,2025-11-07T19:00:04Z
0f21c8f5-92af-4d92-ae21-851f97c23588,27.148.196.60,8,Tanner-Fatt-CitrixHoneyPot,2025-11-07T19:00:01Z,2025-11-07T19:45:07Z
5b1f9005-af3c-4c04-aca4-e6d5a9a80f59,205.210.31.9,2,Dionaea,2025-11-07T19:00:08Z,2025-11-07T19:45:07Z
1a6ff01c-ce4e-46d1-bec5-5c9e2bd3f443,45.227.254.152,14,Dionaea-Honeytrap-Suricata-Conpot,2025-11-07T14:45:08Z,2025-11-07T19:45:07Z
f24267d5-3247-45e5-a440-81d84ebe0ed8,69.164.213.226,4,Mailoney,2025-11-07T19:45:02Z,2025-11-07T20:00:02Z
08d7c3d9-8345-488a-bd0f-be7b916e58e0,104.161.21.154,4,Suricata,2025-11-07T16:00:02Z,2025-11-07T20:45:02Z
4a875594-5675-4ae1-8c4d-788a19a482cf,20.169.106.77,1,Suricata,2025-11-07T20:45:02Z,2025-11-07T20:45:02Z
6d84403b-ac38-474e-b1bb-e61c13f74927,120.24.91.176,11,Suricata,2025-11-07T12:00:01Z,2025-11-07T20:45:02Z
fd9aaec7-24b5-46bf-867a-b0c0108e775d,43.161.251.184,26,Suricata,2025-11-07T11:45:20Z,2025-11-07T20:45:02Z
da23a47e-4dc4-4f8b-a0c7-f7cd8f88695a,43.161.234.92,26,Suricata,2025-11-07T12:00:01Z,2025-11-07T20:45:02Z
227ce112-e070-4b7c-b35b-302fef2f27da,1.202.74.18,11,Suricata,2025-11-07T11:45:20Z,2025-11-07T20:45:02Z
8388b971-3340-4c0a-a46a-6df46f43db2e,120.78.121.127,20,Suricata,2025-11-07T11:45:20Z,2025-11-07T20:45:02Z
a6e90092-7098-466f-afdf-8c2c8491899d,80.82.70.133,1,Suricata,2025-11-07T20:45:02Z,2025-11-07T20:45:02Z
02fc17ee-5c4c-4138-9020-56d4169019e4,101.43.118.136,25,Suricata,2025-11-07T11:45:20Z,2025-11-07T20:45:02Z
18be99a6-415c-4211-a660-55f5d36b765d,43.161.222.21,26,Suricata,2025-11-07T11:45:20Z,2025-11-07T20:45:02Z
27554f7b-7f1a-4cf7-8712-2c073ebd5be2,101.34.66.230,26,Suricata,2025-11-07T12:45:01Z,2025-11-07T20:45:02Z
b73f94d7-56d1-4ba8-a96e-8af0f624bf79,175.6.138.23,23,Suricata,2025-11-07T11:45:20Z,2025-11-07T20:45:02Z
456374b5-6c79-4bcd-9a24-772c2e56e140,118.121.60.138,24,Suricata,2025-11-07T12:45:01Z,2025-11-07T20:45:02Z
34607214-15d6-4bb2-b339-e7265c973e6b,8.221.141.152,20,Suricata,2025-11-07T11:45:20Z,2025-11-07T20:45:02Z
cdc77706-24cf-4b68-bbec-0aefb15466e5,78.153.140.176,123,Suricata-Fatt-CitrixHoneyPot,2025-11-07T13:00:02Z,2025-11-07T20:45:02Z
f3ed9466-681c-46b6-a4b3-e821755128cc,140.245.102.154,30,Suricata,2025-11-07T11:45:20Z,2025-11-07T20:45:02Z
d26987eb-ea36-458c-b918-740f6effc0e5,45.249.101.75,5,Suricata-Sentrypeer,2025-11-07T20:00:02Z,2025-11-07T20:45:07Z
62d9b5f9-6759-4e7b-afb8-bf07db183d33,207.90.244.26,5,Suricata-Fatt,2025-11-07T20:00:02Z,2025-11-07T20:45:15Z
b085f8bc-5506-4708-9423-dda830124fed,20.65.136.30,6,Suricata-Fatt,2025-11-07T20:00:02Z,2025-11-07T20:45:15Z
526a2c45-0d1f-4690-b1c3-d3c5a99554c7,5.252.226.188,4,Honeytrap,2025-11-07T17:45:04Z,2025-11-07T20:45:07Z
6a930cfa-bfae-42e1-b7f6-dd69a38afa90,123.16.55.72,3,Suricata-Heralding,2025-11-07T20:00:02Z,2025-11-07T20:45:08Z
ffecf4a3-13c5-4c08-ba69-a7560669226c,103.220.206.158,2,Heralding,2025-11-07T20:00:04Z,2025-11-07T20:45:08Z
4753855e-fc7b-48d4-bfc0-622b3ef31cb0,150.230.214.236,14,Suricata,2025-11-07T12:00:01Z,2025-11-07T21:00:02Z
161829c6-aa54-4132-bf0e-f401d2994a52,68.183.149.135,268,Suricata,2025-11-07T11:45:20Z,2025-11-07T21:00:02Z
29bcba1a-0520-4ba5-a428-6701d5c9e6e5,8.155.36.190,22,Suricata,2025-11-07T11:45:20Z,2025-11-07T21:00:02Z
6d960c65-0821-4cd6-9263-6708d476f2ea,45.159.228.190,26,Suricata,2025-11-07T11:45:20Z,2025-11-07T21:00:02Z
52a0d0b0-a371-4df7-b797-44748409da30,8.138.113.136,35,Suricata,2025-11-07T11:45:20Z,2025-11-07T21:00:02Z
9582e703-dbfc-470e-8e68-977a199d05e0,121.41.113.192,27,Suricata,2025-11-07T11:45:20Z,2025-11-07T21:00:02Z
1e8c329d-cb66-46f9-9f45-8dd4ead925fd,101.126.37.183,21,Suricata,2025-11-07T11:45:20Z,2025-11-07T21:00:02Z
bfe7c5cb-22f3-4117-a8d8-8171e6900adb,8.209.207.127,18,Suricata,2025-11-07T11:45:20Z,2025-11-07T21:00:02Z
5073aec5-a9d0-42d1-971c-c378061e368a,103.228.151.56,22,Suricata,2025-11-07T11:45:20Z,2025-11-07T21:00:02Z
40146d0e-e8c8-4c1c-a058-a3e74480f7b4,8.220.209.206,13,Suricata,2025-11-07T11:45:20Z,2025-11-07T21:00:02Z
24ca3c5b-1164-4ea9-bf47-486d4dbb55b8,172.245.75.11,60,Suricata,2025-11-07T11:45:20Z,2025-11-07T21:00:02Z
66930689-734d-4b06-9125-8bf0ad975667,121.40.184.153,27,Suricata,2025-11-07T11:45:20Z,2025-11-07T21:00:02Z
70273879-2aee-4fbe-aac3-69262e07b417,106.14.14.65,28,Suricata,2025-11-07T11:45:20Z,2025-11-07T21:00:02Z
9739f749-e8fd-4ca7-a4b6-fdede88579c3,8.208.44.190,19,Suricata,2025-11-07T11:45:20Z,2025-11-07T21:00:02Z
f8dede6c-bdda-42b4-bc5b-54ca70cef888,172.245.75.28,59,Suricata,2025-11-07T11:45:20Z,2025-11-07T21:00:02Z
4f741c35-0228-4f95-9315-959f4237ce56,43.161.240.117,27,Suricata,2025-11-07T11:45:20Z,2025-11-07T21:00:02Z
35350139-3b98-4459-a8cd-5450f9e9869f,185.182.184.145,30,Suricata,2025-11-07T11:45:20Z,2025-11-07T21:00:02Z
69991809-2b33-420b-ae81-bfd18e0a348f,101.35.210.162,26,Suricata,2025-11-07T11:45:20Z,2025-11-07T21:00:02Z
6a65e4d0-9ed7-4c90-9527-8852a00a7f4b,114.55.64.95,28,Suricata,2025-11-07T11:45:20Z,2025-11-07T21:00:02Z
c78255aa-3010-424a-84b5-1a24bb470e6e,20.98.164.209,2,Suricata,2025-11-07T21:00:02Z,2025-11-07T21:00:02Z
3d237a1c-d62f-4124-bf71-181968cac001,43.161.217.70,27,Suricata,2025-11-07T11:45:20Z,2025-11-07T21:00:02Z
41cf1bc7-295d-4abc-bfc3-5117a5d0e765,150.230.66.98,30,Suricata,2025-11-07T11:45:20Z,2025-11-07T21:00:02Z
00850d4e-55e6-4bca-b720-6780847e5914,43.156.131.221,30,Suricata,2025-11-07T11:45:20Z,2025-11-07T21:00:02Z
6d55158e-de64-478f-a925-60f22135a535,8.213.223.226,28,Suricata,2025-11-07T11:45:20Z,2025-11-07T21:00:02Z
1c59512e-6a2a-476e-92ab-9df535b13968,118.194.252.236,20,Suricata,2025-11-07T11:45:20Z,2025-11-07T21:00:02Z
473161b3-f3be-47a6-9a9b-9517c1b8d65e,8.134.203.138,28,Suricata,2025-11-07T11:45:20Z,2025-11-07T21:00:02Z
200684b9-ba50-419b-96f7-b78d4b152088,35.203.211.5,3,Suricata,2025-11-07T21:00:02Z,2025-11-07T21:00:02Z
3f8c73a2-0f6a-47b0-87d7-fd8644f4946b,182.151.22.173,20,Suricata,2025-11-07T11:45:20Z,2025-11-07T21:00:02Z
91184ad0-7931-4d4b-874c-438fe8f85d79,172.104.31.144,1,Suricata,2025-11-07T21:00:02Z,2025-11-07T21:00:02Z
bae7aaa0-b45b-4977-902d-23c266a2c1f9,8.218.201.91,29,Suricata,2025-11-07T11:45:20Z,2025-11-07T21:00:02Z
348964a7-272c-436c-bc2e-da1b13d5e776,43.161.232.99,29,Suricata,2025-11-07T11:45:20Z,2025-11-07T21:00:02Z
4cf6d618-3cd9-40bb-abba-c80e91924a6c,8.217.229.108,31,Suricata,2025-11-07T11:45:20Z,2025-11-07T21:00:02Z
b0214725-d6d8-4d33-ba34-403542662d0b,41.222.169.3,6,Suricata,2025-11-07T11:45:20Z,2025-11-07T21:00:02Z
fcb9c66b-d3db-44ed-9387-9606586f4570,198.23.190.58,24,Sentrypeer-Suricata,2025-11-07T16:45:10Z,2025-11-07T21:00:02Z
d2d3381d-e6fd-4cd4-a904-b7bb5e088227,43.153.195.214,27,Suricata,2025-11-07T11:45:20Z,2025-11-07T21:00:02Z
175d92f5-dc5d-4a05-b634-c4a2fcd33dd9,187.248.68.142,30,Suricata,2025-11-07T11:45:20Z,2025-11-07T21:00:02Z
c42ce3af-0bba-498d-a33d-04bbce8c74aa,118.178.186.103,27,Suricata,2025-11-07T13:00:02Z,2025-11-07T21:00:02Z
42ab6b1a-8f98-4eca-bc4c-41627ac2000f,183.89.205.4,33,Suricata,2025-11-07T11:45:20Z,2025-11-07T21:00:02Z
5b2e271c-82c3-4cb9-aa12-472d863cdd23,114.55.3.204,26,Suricata,2025-11-07T11:45:20Z,2025-11-07T21:00:02Z
6bfb4a94-7b17-4a93-9fc2-daf0de08425c,8.138.116.49,26,Suricata,2025-11-07T12:00:01Z,2025-11-07T21:00:02Z
4cda73f4-c0c1-45c8-be3c-870f6bc9d633,180.184.51.168,32,Suricata,2025-11-07T11:45:20Z,2025-11-07T21:00:02Z
3487f105-020c-4019-9ecb-afef6eff692a,121.196.193.173,27,Suricata,2025-11-07T11:45:20Z,2025-11-07T21:00:02Z
2175765b-9296-4cf1-a3bb-307686bbfe39,49.51.249.62,32,Suricata,2025-11-07T11:45:20Z,2025-11-07T21:00:02Z
8278c467-ffe7-4db7-9842-48d56ccd79e9,106.15.54.94,25,Suricata,2025-11-07T11:45:20Z,2025-11-07T21:00:02Z
a47856be-5af5-465f-92ba-c9841904ac37,8.156.67.231,27,Suricata,2025-11-07T11:45:20Z,2025-11-07T21:00:02Z
09da65ea-5f31-4558-b486-4492359827b1,121.40.198.44,29,Suricata,2025-11-07T11:45:20Z,2025-11-07T21:00:02Z
7a97df0d-2b67-4dfd-bc1f-2acffd0ae132,223.109.49.27,32,Suricata,2025-11-07T11:45:20Z,2025-11-07T21:00:02Z
083d257e-454d-4feb-ac54-868ec183d837,116.62.138.31,27,Suricata,2025-11-07T11:45:20Z,2025-11-07T21:00:02Z
1df432dc-c8b2-4009-bb98-fd019594aec9,8.137.167.111,31,Suricata,2025-11-07T11:45:20Z,2025-11-07T21:00:02Z
afc23d70-6864-4d21-a867-1fb95b8cbb49,115.190.10.67,33,Suricata,2025-11-07T11:45:20Z,2025-11-07T21:00:02Z
72b58020-baf5-40eb-ac46-9e6bd5514460,120.55.45.107,27,Suricata,2025-11-07T11:45:20Z,2025-11-07T21:00:02Z
c4b2aad8-227b-4cf8-a0b5-020b1e2e5c88,117.33.243.150,23,Suricata,2025-11-07T12:45:01Z,2025-11-07T21:00:02Z
b5b598ac-d6b6-4520-a9db-40f442e90273,218.206.233.198,28,Suricata,2025-11-07T12:45:01Z,2025-11-07T21:00:02Z
d67d3322-5965-491d-854a-d28d28bbd660,43.161.244.125,33,Suricata,2025-11-07T11:45:20Z,2025-11-07T21:00:02Z
6c04fe51-2d92-479e-8eba-aed5c460136f,43.161.251.188,28,Suricata,2025-11-07T11:45:20Z,2025-11-07T21:00:02Z
7b6d5691-918f-4333-9b0d-2c9f324ec19e,103.155.233.104,36,Suricata,2025-11-07T11:45:20Z,2025-11-07T21:00:02Z
9bdcecee-3e80-402a-a350-ac81d4ed7a97,103.140.108.146,29,Suricata,2025-11-07T11:45:20Z,2025-11-07T21:00:02Z
92e32c48-d2a7-47a7-93bf-23c9cdaf076d,223.93.8.66,10,Cowrie-Suricata,2025-11-07T20:45:02Z,2025-11-07T21:00:02Z
5600f733-6826-4f8e-913e-88b344aae8e9,112.74.45.130,24,Suricata,2025-11-07T11:45:20Z,2025-11-07T21:00:02Z
76f80b2b-b965-45bc-aded-1ef93a62b70d,45.166.72.1,38,Suricata,2025-11-07T11:45:20Z,2025-11-07T21:00:02Z
d708d055-bc8c-4a98-8f01-6f3defe65014,43.139.26.4,24,Suricata,2025-11-07T12:00:01Z,2025-11-07T21:00:02Z
91b92470-0b59-401a-928e-bc792f3b0b8a,120.76.246.182,28,Suricata,2025-11-07T11:45:20Z,2025-11-07T21:00:02Z
9d6d60dd-5484-4609-82e1-775cea81b119,101.132.80.207,27,Suricata,2025-11-07T12:00:01Z,2025-11-07T21:00:02Z
956f9713-2023-4d19-8e49-2a21ddd83e41,114.217.51.50,23,Suricata,2025-11-07T11:45:20Z,2025-11-07T21:00:02Z
d48be7cf-3342-4915-8d49-4388eb601442,117.33.224.239,28,Suricata,2025-11-07T11:45:20Z,2025-11-07T21:00:02Z
58043f6f-a2ce-483e-acd9-69ab726890fd,106.14.123.114,27,Suricata,2025-11-07T11:45:20Z,2025-11-07T21:00:02Z
9c9e8d1f-56aa-4b39-ad52-f8fc1df5cfdf,120.78.173.72,36,Suricata,2025-11-07T11:45:20Z,2025-11-07T21:00:02Z
2892df77-8696-48e1-8600-54971c55f036,103.137.184.184,24,Suricata,2025-11-07T11:45:20Z,2025-11-07T21:00:02Z
ba001ec4-92ca-49f6-b573-bad003ac3867,119.15.114.148,30,Suricata,2025-11-07T11:45:20Z,2025-11-07T21:00:02Z
9c9fca4f-c56d-4260-ae3f-fab8ba4fbc56,118.89.171.251,23,Suricata,2025-11-07T11:45:20Z,2025-11-07T21:00:02Z
be6aab63-d653-4f18-aa12-8dd987e3cf63,119.15.114.149,31,Suricata,2025-11-07T11:45:20Z,2025-11-07T21:00:02Z
3a24551b-20e9-457e-9d05-be3b7276bd3a,58.221.195.130,19,Suricata,2025-11-07T11:45:20Z,2025-11-07T21:00:02Z
3f6aeb24-9fe2-43fe-a602-c39af3fc71d3,111.229.16.223,30,Suricata,2025-11-07T11:45:20Z,2025-11-07T21:00:02Z
fbf9d6f1-51c8-43fb-8c1c-ba8e93efe68b,120.76.143.87,27,Suricata,2025-11-07T11:45:20Z,2025-11-07T21:00:02Z
a0e1a377-933f-4a4d-86a7-9885ec0c7bbf,121.41.24.46,27,Suricata,2025-11-07T12:00:01Z,2025-11-07T21:00:02Z
4b185d9b-a798-42b8-94e3-d2526600c526,81.19.182.168,34,Suricata,2025-11-07T11:45:20Z,2025-11-07T21:00:02Z
3c20b76b-ae30-42a3-9919-c76546d9ba06,101.91.127.3,35,Suricata,2025-11-07T11:45:20Z,2025-11-07T21:00:02Z
086b8200-2373-400e-8b2e-dd2b84c45ddd,111.230.105.254,23,Suricata,2025-11-07T11:45:20Z,2025-11-07T21:00:02Z
80976f39-95c9-4876-abc8-99116c739fb9,124.223.30.109,29,Suricata,2025-11-07T11:45:20Z,2025-11-07T21:00:02Z
77efe878-f9b3-4f7e-a4be-24c2db7a3766,36.26.88.65,26,Suricata,2025-11-07T11:45:20Z,2025-11-07T21:00:02Z
31f05520-42ad-4c4a-86b2-35b891df49ee,161.97.103.214,32,Suricata,2025-11-07T11:45:20Z,2025-11-07T21:00:02Z
b9ad808d-d6b7-43b4-a518-5c24bbe479f8,101.132.114.16,33,Suricata,2025-11-07T11:45:20Z,2025-11-07T21:00:02Z
cdb6bb86-f5f5-4dbf-8622-86478977169a,200.98.168.28,29,Suricata,2025-11-07T11:45:20Z,2025-11-07T21:00:02Z
de7f1734-f5dd-4e5c-846f-7b6846fa475f,139.196.216.232,27,Suricata,2025-11-07T12:45:01Z,2025-11-07T21:00:02Z
04acb306-2a1a-44b7-8a9c-6ac9ef7b177f,106.52.249.253,31,Suricata,2025-11-07T11:45:20Z,2025-11-07T21:00:02Z
c01699ff-583a-4721-b14f-380f057c24cb,120.77.11.61,29,Suricata,2025-11-07T11:45:20Z,2025-11-07T21:00:02Z
2e4e8d9d-c645-4e2e-91db-45626fa62777,118.178.229.234,27,Suricata,2025-11-07T11:45:20Z,2025-11-07T21:00:02Z
e846c9a4-c01f-4510-baba-6febe141466e,198.235.24.64,2,Suricata,2025-11-07T21:00:02Z,2025-11-07T21:00:02Z
c3f80b26-3acd-4af7-bee1-40759cffce1f,91.185.84.136,26,Suricata,2025-11-07T11:45:20Z,2025-11-07T21:00:02Z
fe9e8bf1-24c1-4685-8481-1a6a3ee4bb6b,121.199.17.165,23,Suricata,2025-11-07T11:45:20Z,2025-11-07T21:00:02Z
84acdbec-266f-459f-8128-b5e53d285294,14.116.206.75,26,Suricata,2025-11-07T11:45:20Z,2025-11-07T21:00:02Z
4c021ab3-b7a8-429c-b991-e011525e28f3,106.14.160.8,27,Suricata,2025-11-07T11:45:20Z,2025-11-07T21:00:02Z
30884f05-2ca6-41e5-b895-b696e8486ee5,47.117.3.109,27,Suricata,2025-11-07T11:45:20Z,2025-11-07T21:00:02Z
0ea5ab28-1939-45d4-b322-6c42ca8b99ec,119.45.42.34,29,Suricata,2025-11-07T12:00:01Z,2025-11-07T21:00:02Z
6577074a-be9f-4f6a-8fcd-eae05f825e94,139.224.236.18,27,Suricata,2025-11-07T11:45:20Z,2025-11-07T21:00:02Z
76da2644-f67e-4628-ac86-296bb5d2bff5,196.251.87.210,1,Suricata,2025-11-07T21:00:02Z,2025-11-07T21:00:02Z
b8d7c5cc-41a4-431a-b765-38b4659f0bb8,121.43.177.4,29,Suricata,2025-11-07T11:45:20Z,2025-11-07T21:00:02Z
4a95f667-d1da-4523-ad44-5438fa245d6d,124.199.118.52,30,Suricata,2025-11-07T11:45:20Z,2025-11-07T21:00:02Z
84dee289-7af2-4d36-8977-63fbf09e15eb,43.161.234.50,24,Suricata,2025-11-07T12:00:01Z,2025-11-07T21:00:02Z
d92db998-226d-4897-99e7-9eab40c8d8a9,101.133.231.65,22,Suricata,2025-11-07T11:45:20Z,2025-11-07T21:00:02Z
9f8d4682-aa58-4d8c-8411-aacf7075d1ae,8.210.85.226,23,Suricata,2025-11-07T11:45:20Z,2025-11-07T21:00:02Z
6c0c7012-32ad-4444-8fc6-3f53a7a6da57,36.40.64.74,29,Suricata,2025-11-07T12:00:01Z,2025-11-07T21:00:02Z
ae0fa0cc-6617-49c0-8863-ac0f06f6fdc5,43.160.200.211,28,Suricata,2025-11-07T11:45:20Z,2025-11-07T21:00:02Z
b718f357-2b77-439a-a443-101897a444ca,139.224.136.217,25,Suricata,2025-11-07T11:45:20Z,2025-11-07T21:00:02Z
51fd8d35-52a6-4fa5-bf8e-04946c515aa0,8.213.221.59,34,Suricata,2025-11-07T11:45:20Z,2025-11-07T21:00:02Z
e8f8de29-6613-407e-b6ff-84ab192443f7,112.74.56.254,26,Suricata,2025-11-07T11:45:20Z,2025-11-07T21:00:02Z
5119712e-403f-4cbb-8fcc-073889755c76,112.124.16.184,28,Suricata,2025-11-07T12:00:01Z,2025-11-07T21:00:02Z
2fbb3267-6b4e-4186-a98b-6912b0bfe446,8.220.211.18,31,Suricata,2025-11-07T11:45:20Z,2025-11-07T21:00:02Z
5afb6a62-fda4-4191-a27e-56864d45897e,121.40.250.100,26,Suricata,2025-11-07T11:45:20Z,2025-11-07T21:00:02Z
8334b5df-79d4-4fbc-986b-09c4a00c27b2,140.246.61.93,24,Suricata,2025-11-07T12:45:01Z,2025-11-07T21:00:02Z
4cee1fd7-a29a-42bb-84db-6bfdff885b41,183.56.225.206,20,Suricata,2025-11-07T11:45:20Z,2025-11-07T21:00:02Z
2a808dc5-4868-44c8-95f6-3f9e86ea3a7c,59.49.53.126,22,Suricata,2025-11-07T11:45:20Z,2025-11-07T21:00:02Z
f83774bc-0da1-408b-be9a-09c3d1d3a9ff,101.37.124.206,27,Suricata,2025-11-07T11:45:20Z,2025-11-07T21:00:02Z
c1d0e8ca-b23e-4d41-9dd8-0882817e191e,8.138.129.122,26,Suricata,2025-11-07T11:45:20Z,2025-11-07T21:00:02Z
51655997-63fb-42ea-8e84-a346653c73bf,124.223.81.112,30,Suricata,2025-11-07T11:45:20Z,2025-11-07T21:00:02Z
0a848e40-62df-4960-b296-5f488261ddeb,106.14.146.67,24,Suricata,2025-11-07T11:45:20Z,2025-11-07T21:00:02Z
b1096517-560a-41dc-a3f6-0252c8d7a5b5,124.220.187.222,29,Suricata,2025-11-07T11:45:20Z,2025-11-07T21:00:02Z
4d3052b7-e441-4f05-8a7e-ba020b88a895,121.42.247.227,32,Suricata,2025-11-07T11:45:20Z,2025-11-07T21:00:02Z
e9304ab2-389f-4373-82f0-9730daf36082,121.40.217.100,26,Suricata,2025-11-07T12:45:01Z,2025-11-07T21:00:02Z
20d5feb4-ce0e-41ff-a2f4-70d889b7af4d,43.161.223.205,26,Suricata,2025-11-07T12:00:01Z,2025-11-07T21:00:02Z
a75ebe0d-cff1-41a1-9479-a63f0877f9d7,61.133.51.154,32,Suricata,2025-11-07T11:45:20Z,2025-11-07T21:00:02Z
4aec5e3d-4306-416e-a3cb-5cd2ce472d64,129.151.238.160,30,Suricata,2025-11-07T11:45:20Z,2025-11-07T21:00:02Z
183183e4-addd-4c01-82d8-edb9b2222d8c,159.89.147.190,243,Suricata,2025-11-07T11:45:20Z,2025-11-07T21:00:02Z
e6b57139-186a-4acd-a4c4-4fd7b44158c6,194.233.80.147,29,Suricata,2025-11-07T11:45:20Z,2025-11-07T21:00:02Z
ecf0b868-d611-428d-a797-8954e1bc23c8,3.238.191.229,1,Suricata,2025-11-07T21:00:02Z,2025-11-07T21:00:02Z
ff7647e8-3bf2-4fbb-8e52-32d6653d8c8e,8.208.25.163,33,Suricata,2025-11-07T11:45:20Z,2025-11-07T21:00:02Z
9354e88b-a819-47e4-a895-9751f92a5587,121.40.184.68,28,Suricata,2025-11-07T11:45:20Z,2025-11-07T21:00:02Z
f662851b-a247-4d30-9feb-66bd2e57010e,78.153.140.178,2,Suricata,2025-11-07T20:00:02Z,2025-11-07T21:00:02Z
69b49b61-96b2-4304-8fd6-563afea9f680,103.231.14.54,32,Suricata,2025-11-07T11:45:20Z,2025-11-07T21:00:02Z
5cf49d8b-d800-4f64-9c2a-a37b883b3502,14.103.101.97,32,Suricata,2025-11-07T11:45:20Z,2025-11-07T21:00:02Z
2b197093-41ce-48ea-85bd-ee612fd1530b,23.94.26.58,136,Sentrypeer,2025-11-07T17:45:04Z,2025-11-07T21:00:04Z
5a7eee0f-9c33-4e81-8885-ee888b7ef9e7,195.154.54.131,3,Sentrypeer,2025-11-07T12:45:04Z,2025-11-07T21:00:04Z
3cf217b0-6a8b-4a23-8d62-3f509a9cdd21,207.90.244.3,9,ElasticPot-Redishoneypot,2025-11-07T13:00:08Z,2025-11-07T21:00:04Z
6653d398-93ee-4217-a317-c3f5b6f03d35,95.215.0.144,16,Suricata-Dionaea-Redishoneypot,2025-11-07T20:00:02Z,2025-11-07T21:00:04Z
a399b9e5-73dc-4bbd-9f30-8aa317af7e52,193.26.115.195,26,Tanner-Fatt-Honeytrap,2025-11-07T13:45:01Z,2025-11-07T21:00:04Z
620d00b7-ce5c-4801-a9bf-4e5b6b021c73,205.210.31.136,4,Suricata-Honeytrap,2025-11-07T20:45:02Z,2025-11-07T21:00:04Z
72dd8727-1310-435b-a45d-8b423abfaec6,185.170.144.3,6,Suricata-Honeytrap,2025-11-07T20:45:02Z,2025-11-07T21:00:04Z
444cc56f-11b9-41c6-82dd-b998e65e695b,132.147.95.96,2,Honeytrap,2025-11-07T20:45:07Z,2025-11-07T21:00:04Z
262cfd7b-430a-4b82-94be-97174d680082,176.65.149.19,14,Suricata-Honeytrap,2025-11-07T11:45:20Z,2025-11-07T21:00:04Z
26fe4df0-6a6e-4771-85e5-c0fab482e5c7,64.23.214.73,2,Suricata-Honeytrap,2025-11-07T21:00:02Z,2025-11-07T21:00:04Z
2feb8e16-f27c-4878-9dad-b297634179e3,185.247.137.170,1,Honeytrap,2025-11-07T21:00:04Z,2025-11-07T21:00:04Z
d3859239-fa0f-4b67-b375-84bddd880bb1,207.90.244.25,4,Honeytrap,2025-11-07T20:45:07Z,2025-11-07T21:00:04Z
c026551a-c928-4705-9c5c-ed8ddf7f9bb4,222.253.112.146,2,Heralding,2025-11-07T20:45:08Z,2025-11-07T21:00:04Z
999ee57f-391d-4dab-af84-a260058eb3e1,93.118.97.6,1,Heralding,2025-11-07T21:00:04Z,2025-11-07T21:00:04Z
24a01efc-4330-4aba-9c3e-56516eb65ffa,102.164.23.241,2,Suricata-Heralding,2025-11-07T21:00:02Z,2025-11-07T21:00:04Z
6f551086-6976-4ec8-8793-aa3356ddc70e,31.10.63.219,2,Heralding,2025-11-07T20:45:08Z,2025-11-07T21:00:04Z
954530a7-58cf-4860-9de5-12ad68c183a8,103.65.226.29,2,Heralding,2025-11-07T20:45:08Z,2025-11-07T21:00:04Z
0c524122-5ca6-4a80-828e-99fc5145a202,103.239.52.173,2,Heralding,2025-11-07T20:45:08Z,2025-11-07T21:00:04Z
4dc07f03-e6b9-40fe-a88d-774f220bdae3,196.251.66.90,5,Suricata-Heralding,2025-11-07T20:45:02Z,2025-11-07T21:00:04Z
dd61eab5-8792-4fc1-b7cc-b48f11764a1f,165.49.63.109,2,Suricata-Heralding,2025-11-07T21:00:02Z,2025-11-07T21:00:04Z
0031cdb7-a06b-4ee6-a174-55362254c105,216.232.48.165,44,Heralding,2025-11-07T20:45:08Z,2025-11-07T21:00:04Z
e0123103-f609-4a51-b0fa-cbecefa56b45,202.93.229.2,3,Suricata-Heralding,2025-11-07T20:45:02Z,2025-11-07T21:00:04Z
5b430dd5-2194-48b0-b696-72e0c7ef893b,168.80.83.83,12,Ciscoasa,2025-11-07T17:45:07Z,2025-11-07T20:45:19Z
15f14539-f97d-4b86-aa0b-3473edec0218,92.63.197.34,179,Ciscoasa-Suricata,2025-11-07T12:00:05Z,2025-11-07T20:45:19Z
54cefb8a-bb22-4e79-a05b-e1de3e3efd0a,194.5.53.184,81,Dionaea-Suricata,2025-11-07T11:45:26Z,2025-11-07T20:45:22Z
c7cee0c1-9ea9-40c2-8b6a-fa810f20f86e,40.124.186.157,3,Suricata-ElasticPot,2025-11-07T20:00:02Z,2025-11-07T20:45:19Z
5f5aee06-a613-47ce-a6db-819e383fe71d,168.80.80.22,6,Ciscoasa,2025-11-07T20:00:06Z,2025-11-07T20:45:19Z
d20e725d-86f0-460b-974c-9939db38d902,168.63.129.16,3452,Suricata-Fatt,2025-11-07T11:45:20Z,2025-11-07T21:00:05Z
8ec10196-56ce-43e9-a2b8-b17fa7d8e6cb,172.67.74.152,10,Fatt,2025-11-07T15:45:11Z,2025-11-07T21:00:05Z
14755391-2810-441e-bd9b-0eacbf391c45,45.140.17.88,70,Fatt-Suricata,2025-11-07T11:45:26Z,2025-11-07T21:00:05Z
ae7cc47e-fcce-4a42-b308-188ceb820a62,20.168.12.63,2,Fatt,2025-11-07T20:45:15Z,2025-11-07T21:00:05Z
e68c5f7a-a3d3-45ec-bbb5-3e8206fe1a61,204.76.203.18,4,Tanner-Fatt,2025-11-07T20:45:02Z,2025-11-07T21:00:05Z
295e2dac-7ec8-4ed0-b130-46a44af24d95,193.142.147.209,49,Suricata-Honeytrap-Tanner-Fatt-CitrixHoneyPot-Cowrie-Adbhoney,2025-11-07T11:45:20Z,2025-11-07T21:00:05Z
9749a54b-a2a4-442e-a6c2-2f7d25022506,13.67.9.197,4416,Fatt,2025-11-07T11:45:26Z,2025-11-07T21:00:05Z
42f90786-8d7d-4cc7-8790-7b16489bf127,209.38.25.185,66,Suricata-Fatt,2025-11-07T20:45:02Z,2025-11-07T21:00:05Z
c51abcbb-342a-4217-bc0b-343dd41baadf,91.237.163.110,120,Cowrie-Suricata-Fatt,2025-11-07T19:45:02Z,2025-11-07T21:00:05Z
659fad59-6db7-4a28-b5c3-5ca627d40d9d,8.210.28.94,8,Suricata-Fatt,2025-11-07T20:00:02Z,2025-11-07T21:00:05Z
f751dd8c-22e7-43dd-8610-5b833cd03b55,23.98.82.210,4060,Fatt,2025-11-07T11:45:26Z,2025-11-07T21:00:05Z
cc713c47-89be-4f74-91ee-a345eba786f8,20.209.126.193,43980,Fatt,2025-11-07T11:45:26Z,2025-11-07T21:00:05Z
3c1a5712-f2bb-4a74-b1b1-3db6bc69c098,211.234.111.116,6,Suricata-Fatt,2025-11-07T11:45:20Z,2025-11-07T21:00:05Z
a8056e7e-6fab-4cb0-949c-907586ab86dc,20.150.127.161,14401,Fatt-Suricata,2025-11-07T11:45:26Z,2025-11-07T21:00:05Z
f755fb38-7d26-47ea-87dc-b8b9839743a4,23.98.113.115,4278,Fatt,2025-11-07T11:45:26Z,2025-11-07T21:00:05Z
a62fcead-1646-47fc-b3c9-42b605106b38,193.32.162.157,20,Cowrie-Fatt,2025-11-07T20:45:02Z,2025-11-07T21:00:05Z
d2b51f2d-efe9-4c98-b15d-aedd9a0ea295,103.124.100.181,131,Cowrie-Suricata-Fatt,2025-11-07T19:45:02Z,2025-11-07T21:00:05Z
7036aaee-7262-4e55-b236-00da0861073b,20.60.139.161,14665,Fatt-Suricata,2025-11-07T11:45:26Z,2025-11-07T21:00:05Z
775f527f-3787-4e4e-8b4f-3af23ddc145a,20.60.136.97,14915,Fatt-Suricata,2025-11-07T11:45:26Z,2025-11-07T21:00:05Z
dc553ff2-7d92-4019-a922-0070d194d552,23.98.104.164,500,Fatt,2025-11-07T11:45:26Z,2025-11-07T21:00:05Z
5c7f464a-9de4-4501-8413-127ea3d33028,45.78.201.252,59,Cowrie-Suricata-Fatt,2025-11-07T20:45:02Z,2025-11-07T21:00:05Z
fb889437-515f-4f4b-a61f-70b4fb906998,138.68.98.237,20,Cowrie-Fatt,2025-11-07T20:45:02Z,2025-11-07T21:00:05Z
7367048d-98c0-4789-8736-9b6c2c629aa8,101.126.24.74,37,Cowrie-Suricata-Fatt,2025-11-07T20:45:02Z,2025-11-07T21:00:05Z
b9fcb414-8141-475c-9dbf-682445ba1cd2,167.250.224.25,170,Suricata-Fatt,2025-11-07T11:45:20Z,2025-11-07T21:00:05Z
2def2dda-55dd-4888-b34e-9e954b7a5cac,23.239.12.123,3,Suricata-Fatt,2025-11-07T20:45:02Z,2025-11-07T21:00:05Z
1c4888b4-a172-420e-b913-9e9e398902dc,193.24.210.46,20,Fatt,2025-11-07T11:45:26Z,2025-11-07T21:00:05Z
9ed513ec-bdc4-4689-bfaa-1fa23b97c174,94.102.49.155,9,Suricata-ElasticPot,2025-11-07T20:45:02Z,2025-11-07T21:00:05Z
b4864189-6aa4-4f78-9e87-1123abb17970,92.63.197.78,221,Suricata-Ciscoasa,2025-11-07T11:45:20Z,2025-11-07T21:00:05Z
2a5ee452-6ab8-4c38-abd5-0c6f0b542089,172.104.11.4,4,Ciscoasa,2025-11-07T20:45:19Z,2025-11-07T21:00:05Z
db6a9326-bbb8-4ec6-bf8d-4c1787b54a8d,91.212.166.32,224,Ciscoasa-Suricata,2025-11-07T11:45:26Z,2025-11-07T21:00:05Z
4e27281b-491b-4cc7-bdae-07d1a60db787,168.80.81.101,9,Ciscoasa,2025-11-07T19:00:07Z,2025-11-07T21:00:05Z
1e1d4f4c-1963-4290-a865-40ddc2ad91cb,176.46.158.15,310,Ciscoasa-Suricata,2025-11-07T11:45:26Z,2025-11-07T21:00:05Z
d3173d5b-8cb5-4b19-87ae-20ad553ee9f2,91.212.166.22,241,Ciscoasa-Suricata,2025-11-07T11:45:26Z,2025-11-07T21:00:05Z
586a3eed-f8d9-47a3-8920-755bb764ad26,91.212.166.37,245,Ciscoasa-Suricata,2025-11-07T11:45:26Z,2025-11-07T21:00:05Z
28579518-d4b4-4d74-854a-a61bcc492205,88.210.63.9,287,Ciscoasa-Suricata,2025-11-07T12:00:05Z,2025-11-07T21:00:05Z
88d2c815-6836-4657-b1b1-efb0c86e93d9,91.212.166.8,245,Ciscoasa-Suricata,2025-11-07T11:45:26Z,2025-11-07T21:00:05Z
60e8ef9b-239e-4906-8682-af8b5c0a5db0,92.63.197.79,223,Suricata-Ciscoasa,2025-11-07T12:00:01Z,2025-11-07T21:00:05Z
4e6ceee0-6c35-43e5-9705-368b7caef006,92.63.197.77,267,Suricata-Ciscoasa,2025-11-07T12:00:01Z,2025-11-07T21:00:05Z
71b4f59d-927b-42bd-af0d-9c696d7f1ede,91.212.166.35,245,Ciscoasa-Suricata,2025-11-07T11:45:26Z,2025-11-07T21:00:05Z
24421725-fd4d-406f-99b1-75f8f83edafc,176.46.158.46,309,Ciscoasa-Suricata,2025-11-07T11:45:26Z,2025-11-07T21:00:05Z
eab8fbfc-e31b-42a5-a811-9ac480959752,115.167.66.133,149,Ciscoasa,2025-11-07T11:45:26Z,2025-11-07T21:00:05Z
8da4902a-cccd-4fdc-95ea-f91c7b2fee6c,176.46.158.60,288,Ciscoasa-Suricata,2025-11-07T12:00:05Z,2025-11-07T21:00:05Z
562e481e-85f6-4f15-ae25-55b5d4ae151e,176.46.158.45,288,Ciscoasa-Suricata,2025-11-07T12:00:05Z,2025-11-07T21:00:05Z
5c0f61a3-2ebe-45d9-a14c-9f6d4050b771,88.210.63.10,222,Ciscoasa-Suricata,2025-11-07T12:45:05Z,2025-11-07T21:00:05Z
c23cbc77-f713-4a95-81cc-d57c249e925a,92.63.197.80,277,Ciscoasa-Suricata,2025-11-07T11:45:26Z,2025-11-07T21:00:05Z
af8509b9-1ea9-4f5a-b0a6-aaa975a9c044,98.142.240.166,117,Ciscoasa,2025-11-07T12:00:05Z,2025-11-07T21:00:05Z
c34f18c4-5ba6-48ea-81bd-b758d91feaad,195.184.76.248,2,Ciscoasa,2025-11-07T20:45:19Z,2025-11-07T21:00:05Z
39acd045-6a72-46e9-aec7-bada1f6c841f,176.46.158.17,312,Suricata-Ciscoasa,2025-11-07T11:45:20Z,2025-11-07T21:00:05Z
d8f98747-6c6a-4492-91dc-364ecce2338a,91.212.166.14,216,Ciscoasa-Suricata,2025-11-07T11:45:26Z,2025-11-07T21:00:05Z
db91da89-049f-4615-9dbe-0b4e233bd6f1,88.210.63.12,243,Ciscoasa-Suricata,2025-11-07T11:45:26Z,2025-11-07T21:00:05Z
cfb66eb2-c63b-4cf0-a9e2-e9082f6c34f0,176.46.158.14,310,Ciscoasa-Suricata,2025-11-07T11:45:26Z,2025-11-07T21:00:05Z
2d2820c0-042f-4483-b510-f0120024e484,88.210.63.13,245,Suricata-Ciscoasa,2025-11-07T11:45:20Z,2025-11-07T21:00:05Z
001326d2-5a95-4a03-812c-84bf7724227c,91.212.166.33,225,Ciscoasa-Suricata,2025-11-07T11:45:26Z,2025-11-07T21:00:05Z
3898c4d2-2618-4c15-afba-bd1a8b805172,168.80.81.194,24,Ciscoasa,2025-11-07T11:45:26Z,2025-11-07T21:00:05Z
bae00fd0-49ba-44e5-a7bf-f707da885747,168.80.81.108,18,Ciscoasa,2025-11-07T18:00:07Z,2025-11-07T21:00:05Z
827d2268-16a2-43ef-9b2c-424f3ec50390,168.80.83.224,24,Ciscoasa,2025-11-07T11:45:26Z,2025-11-07T21:00:05Z
82fefa13-a4fd-48ac-b5b2-646b55cb9c95,178.22.24.32,1089,Ciscoasa,2025-11-07T11:45:26Z,2025-11-07T21:00:05Z
bed06133-d4ca-4a17-8e96-c94cd4e607e2,185.73.124.34,234,Ciscoasa,2025-11-07T11:45:26Z,2025-11-07T21:00:05Z
cd6fb1a4-0859-4c76-b3fb-ca95db33c096,88.210.63.11,299,Ciscoasa-Suricata,2025-11-07T11:45:26Z,2025-11-07T21:00:05Z
2c7cbf57-2644-46c7-ad22-d2b5208b65ba,168.80.80.31,12,Ciscoasa,2025-11-07T17:45:07Z,2025-11-07T21:00:05Z
e27bcc90-1d77-49ec-b95b-1b52c0382a53,168.80.82.151,9,Ciscoasa,2025-11-07T19:00:07Z,2025-11-07T21:00:05Z
50847902-415b-428b-b46f-cf09359b6fed,91.212.166.17,227,Ciscoasa-Suricata,2025-11-07T11:45:26Z,2025-11-07T21:00:05Z
a5956e9d-21ab-45f6-ae3b-5a3ee0b85aeb,45.134.26.44,2530,Ciscoasa,2025-11-07T11:45:26Z,2025-11-07T21:00:05Z
b90c789b-6b45-4b57-9c2b-a1619babfa8d,115.167.66.141,146,Ciscoasa,2025-11-07T12:00:05Z,2025-11-07T21:00:05Z
be6625cc-31a7-4a5e-b32c-5ebeeec38550,168.80.82.99,24,Ciscoasa,2025-11-07T11:45:26Z,2025-11-07T21:00:05Z
bbe6cf7e-ed9f-4977-a8c2-b184e4ccf5ca,88.210.63.8,254,Ciscoasa-Suricata,2025-11-07T11:45:26Z,2025-11-07T21:00:05Z
9546617c-d962-4d69-8032-fa73affb6760,91.212.166.13,216,Ciscoasa-Suricata,2025-11-07T11:45:26Z,2025-11-07T21:00:05Z
d7af2ee9-fb43-4cd3-818b-288e2bb1299c,115.167.66.134,593,Ciscoasa,2025-11-07T11:45:26Z,2025-11-07T21:00:05Z
c77d9f44-543a-43a7-9fc7-d2530996f32a,91.212.166.27,214,Ciscoasa-Suricata,2025-11-07T11:45:26Z,2025-11-07T21:00:05Z
c05cdc88-bbb7-46b6-8c05-96f91a15daef,176.46.158.10,312,Suricata-Ciscoasa,2025-11-07T12:00:01Z,2025-11-07T21:00:05Z
03a87435-1e75-46ec-ac3c-258a197ef191,46.21.146.162,90,Ciscoasa,2025-11-07T11:45:26Z,2025-11-07T21:00:05Z
891ecc49-8924-4878-bcbf-0766966a894a,115.167.66.140,594,Ciscoasa,2025-11-07T11:45:26Z,2025-11-07T21:00:05Z
403980d0-d7fd-4710-b045-589a3ea1dc68,89.208.106.248,32,Adbhoney,2025-11-07T16:45:14Z,2025-11-07T21:00:06Z
5d4eb4b6-80be-45be-b687-d9c4e89eeaef,79.124.40.174,13,Suricata-Honeytrap-Fatt-CitrixHoneyPot,2025-11-07T14:00:03Z,2025-11-07T21:00:06Z
7d4a3753-da22-4394-b57c-a35eb85e301b,146.190.153.30,2,Dionaea,2025-11-07T20:45:22Z,2025-11-07T21:00:06Z
f6aa6a34-f902-416c-98ff-a0f795065aae,189.157.2.41,13,Suricata-Dionaea,2025-11-07T20:00:02Z,2025-11-07T21:00:06Z
9ffe1d86-e02e-47ce-8083-cddbe6b3f2d5,62.60.232.71,93,Dionaea,2025-11-07T11:45:26Z,2025-11-07T21:00:06Z
50c3f2ed-12ca-44ef-b29a-e607f6a7cf96,62.60.232.73,93,Dionaea,2025-11-07T11:45:26Z,2025-11-07T21:00:06Z
3061996a-9aa6-4e88-8a2a-38d6743a9549,62.60.232.72,111,Dionaea,2025-11-07T11:45:26Z,2025-11-07T21:00:06Z
6163d295-c3b1-49b0-a57a-259745086954,62.60.232.74,94,Dionaea,2025-11-07T11:45:26Z,2025-11-07T21:00:06Z
dd1a62bb-f361-4640-b887-c7e81d3c1cfd,196.251.66.47,2,Dionaea,2025-11-07T20:45:22Z,2025-11-07T21:00:06Z
ad4ec6ab-ca18-48f2-95a1-329ba341ff05,137.184.32.56,6,Dionaea-Suricata,2025-11-07T18:45:23Z,2025-11-07T21:00:06Z
08636506-f4cc-410c-9cd8-acc2340de869,198.235.24.143,2,Conpot,2025-11-07T20:45:23Z,2025-11-07T21:00:06Z
1bd095a2-23b0-4a65-a100-394e7b13d00b,159.89.124.112,6,Suricata-Conpot,2025-11-07T20:45:02Z,2025-11-07T21:00:06Z
d57b0f80-e9f0-4903-a697-cf772d2980d1,45.135.193.162,14,Honeytrap-Conpot,2025-11-07T17:00:16Z,2025-11-07T21:00:06Z
31b4fe1f-afe1-41c8-8b0a-4b43984371d2,3.143.33.63,74,Fatt-Redishoneypot-Conpot,2025-11-07T18:45:15Z,2025-11-07T21:00:06Z
